warehouse_id,warehouse_code,warehouse_name,warehouse_type,address_line1,address_line2,city,state,postal_code,country,total_capacity_ltr,usable_capacity_ltr,storage_mode,warehouse_status,created_date,created_by,updated_date,updated_by
1,WH001,Pune Central Distribution Centre,central,"MIDC Logistics Park, Block A",Bhosari Industrial Area,Pune,Maharashtra,411026,India,650000,560000,mixed,active,2026-01-01 00:00:00,system,2026-01-01 00:00:00,system
2,WH002,Bhiwandi Regional Warehouse,regional,"Distribution Estate, Plot 14",Wada Road,Bhiwandi,Maharashtra,421302,India,450000,390000,covered,active,2026-01-01 00:00:00,system,2026-01-01 00:00:00,system
3,WH003,Ahmedabad Regional Warehouse,regional,"Industrial Distribution Park, Plot 22",Changodar Area,Ahmedabad,Gujarat,382213,India,420000,360000,covered,active,2026-01-01 00:00:00,system,2026-01-01 00:00:00,system
4,WH004,Indore Regional Warehouse,regional,"Industrial Storage Complex, Unit 7",Pithampur Road,Indore,Madhya Pradesh,453001,India,350000,300000,mixed,active,2026-01-01 00:00:00,system,2026-01-01 00:00:00,system
5,WH005,Bengaluru Regional Warehouse,regional,"Industrial Logistics Park, Phase 2",Hoskote Road,Bengaluru,Karnataka,562114,India,360000,310000,covered,active,2026-01-01 00:00:00,system,2026-01-01 00:00:00,system
6,WH006,Hyderabad Regional Warehouse,regional,"Industrial Logistics Estate, Plot 18",Medchal Road,Hyderabad,Telangana,501401,India,320000,275000,mixed,active,2026-01-01 00:00:00,system,2026-01-01 00:00:00,system
7,WH007,Nagpur Distribution Depot,depot,"Regional Storage Yard, Unit 4",Butibori Industrial Area,Nagpur,Maharashtra,441122,India,220000,190000,mixed,active,2026-01-01 00:00:00,system,2026-01-01 00:00:00,system
8,WH008,Nashik Distribution Depot,depot,"Industrial Storage Yard, Unit 3",Ambad Industrial Area,Nashik,Maharashtra,422010,India,180000,155000,mixed,active,2026-01-01 00:00:00,system,2026-01-01 00:00:00,system
9,WH009,Sanand Cross-Dock Facility,cross_dock,"Industrial Transit Park, Dock 6",Sanand Industrial Area,Sanand,Gujarat,382110,India,160000,80000,covered,active,2026-01-01 00:00:00,system,2026-01-01 00:00:00,system
