customer_location_id,customer_id,location_code,location_name,contact_person,phone,address_line1,address_line2,city,state,postal_code,country,is_default,location_status,created_date,created_by,updated_date,updated_by
1,1,CUST0001-SHIP-01,Asterline Auto & Machinery Primary Ship-To,Aarav Mehta,020-4108001,"Plot 11, Industrial Estate","Sector 2, Chhatrapati Sambhajinagar Business District",Chhatrapati Sambhajinagar,Maharashtra,431114,India,True,active,2026-01-01 00:00:00,system,2026-01-01 00:00:00,system
2,2,CUST0002-SHIP-01,Westbridge Auto & Machinery Primary Ship-To,Ishaan Mehta,022-4108002,"Plot 12, Logistics Park","Sector 3, Navi Mumbai Business District",Navi Mumbai,Maharashtra,400131,India,True,active,2026-01-01 00:00:00,system,2026-01-01 00:00:00,system
3,2,CUST0002-SHIP-02,Westbridge Auto & Machinery Distribution Hub 2,Ishaan Mehta,022-4108002,"Plot 28, Distribution Hub","Sector 5, Nashik Logistics District",Nashik,Maharashtra,422216,India,False,active,2026-01-01 00:00:00,system,2026-01-01 00:00:00,system
4,3,CUST0003-SHIP-01,Crestmark Fleet Systems Primary Ship-To,Rohan Mehta,040-4108003,"Plot 13, Commercial Zone","Sector 4, Warangal Business District",Warangal,Telangana,506107,India,True,active,2026-01-01 00:00:00,system,2026-01-01 00:00:00,system
5,4,CUST0004-SHIP-01,Pioneer Industrial Distribution Primary Ship-To,Kunal Mehta,0120-4108004,"Plot 14, Business Park",,Noida,Uttar Pradesh,201106,India,True,active,2026-01-01 00:00:00,system,2026-01-01 00:00:00,system
6,5,CUST0005-SHIP-01,Riverton Process Industries Primary Ship-To,Nikhil Mehta,0522-4108005,"Plot 15, Industrial Area","Sector 6, Noida Business District",Noida,Uttar Pradesh,201109,India,True,active,2026-01-01 00:00:00,system,2026-01-01 00:00:00,system
7,6,CUST0006-SHIP-01,Northfield Fleet Systems Primary Ship-To,Arjun Mehta,022-4108006,"Plot 16, Industrial Estate","Sector 7, Nashik Business District",Nashik,Maharashtra,422127,India,True,active,2026-01-01 00:00:00,system,2026-01-01 00:00:00,system
8,7,CUST0007-SHIP-01,Silveroak Process Industries Primary Ship-To,Vikram Mehta,011-4108007,"Plot 17, Logistics Park","Sector 8, New Delhi Business District",New Delhi,Delhi,110102,India,True,active,2026-01-01 00:00:00,system,2026-01-01 00:00:00,system
9,8,CUST0008-SHIP-01,Grandwell Auto & Machinery Primary Ship-To,Siddharth Mehta,0836-4108008,"Plot 18, Commercial Zone",,Hubballi,Karnataka,580110,India,True,active,2026-01-01 00:00:00,system,2026-01-01 00:00:00,system
10,9,CUST0009-SHIP-01,Summit Auto & Machinery Primary Ship-To,Aditya Mehta,079-4108009,"Plot 19, Business Park","Sector 10, Vadodara Business District",Vadodara,Gujarat,390101,India,True,active,2026-01-01 00:00:00,system,2026-01-01 00:00:00,system
11,10,CUST0010-SHIP-01,Bluecrest Auto & Machinery Primary Ship-To,Rahul Mehta,0422-4108010,"Plot 20, Industrial Area","Sector 11, Chennai Business District",Chennai,Tamil Nadu,600104,India,True,active,2026-01-01 00:00:00,system,2026-01-01 00:00:00,system
12,11,CUST0011-SHIP-01,Trident Industrial Distribution Primary Ship-To,Neeraj Mehta,0836-4108011,"Plot 21, Industrial Estate","Sector 12, Bengaluru Business District",Bengaluru,Karnataka,560121,India,True,active,2026-01-01 00:00:00,system,2026-01-01 00:00:00,system
13,11,CUST0011-SHIP-02,Trident Industrial Distribution Distribution Hub 2,Neeraj Mehta,0836-4108011,"Plot 55, Distribution Hub","Sector 2, Mysuru Logistics District",Mysuru,Karnataka,570225,India,False,active,2026-01-01 00:00:00,system,2026-01-01 00:00:00,system
14,11,CUST0011-SHIP-03,Trident Industrial Distribution Service Centre 3,Neeraj Mehta,0836-4108011,"Plot 56, Service Centre","Sector 3, Bengaluru Logistics District",Bengaluru,Karnataka,560232,India,False,active,2026-01-01 00:00:00,system,2026-01-01 00:00:00,system
15,12,CUST0012-SHIP-01,Everstone Industrial Distribution Primary Ship-To,Amit Mehta,0281-4108012,"Plot 22, Logistics Park",,Vadodara,Gujarat,390125,India,True,active,2026-01-01 00:00:00,system,2026-01-01 00:00:00,system
16,12,CUST0012-SHIP-02,Everstone Industrial Distribution Distribution Hub 2,Amit Mehta,0281-4108012,"Plot 58, Distribution Hub","Sector 3, Ahmedabad Logistics District",Ahmedabad,Gujarat,380226,India,False,active,2026-01-01 00:00:00,system,2026-01-01 00:00:00,system
17,13,CUST0013-SHIP-01,Harborline Auto & Machinery Primary Ship-To,Aarav Shah,020-4108013,"Plot 23, Commercial Zone","Sector 2, Chhatrapati Sambhajinagar Business District",Chhatrapati Sambhajinagar,Maharashtra,431104,India,True,active,2026-01-01 00:00:00,system,2026-01-01 00:00:00,system
18,13,CUST0013-SHIP-02,Harborline Auto & Machinery Distribution Hub 2,Aarav Shah,020-4108013,"Plot 61, Distribution Hub","Sector 4, Nagpur Logistics District",Nagpur,Maharashtra,440227,India,False,active,2026-01-01 00:00:00,system,2026-01-01 00:00:00,system
19,13,CUST0013-SHIP-03,Harborline Auto & Machinery Service Centre 3,Aarav Shah,020-4108013,"Plot 62, Service Centre","Sector 5, Chhatrapati Sambhajinagar Logistics District",Chhatrapati Sambhajinagar,Maharashtra,431234,India,False,active,2026-01-01 00:00:00,system,2026-01-01 00:00:00,system
20,14,CUST0014-SHIP-01,Primegate Fleet Systems Primary Ship-To,Ishaan Shah,0755-4108014,"Plot 24, Business Park","Sector 3, Bhopal Business District",Bhopal,Madhya Pradesh,462119,India,True,active,2026-01-01 00:00:00,system,2026-01-01 00:00:00,system
21,15,CUST0015-SHIP-01,Stonefield Auto & Machinery Primary Ship-To,Rohan Shah,044-4108015,"Plot 25, Industrial Area","Sector 4, Coimbatore Business District",Coimbatore,Tamil Nadu,641101,India,True,active,2026-01-01 00:00:00,system,2026-01-01 00:00:00,system
22,16,CUST0016-SHIP-01,Clearpath Industrial Distribution Primary Ship-To,Kunal Shah,080-4108016,"Plot 26, Industrial Estate",,Bengaluru,Karnataka,560124,India,True,active,2026-01-01 00:00:00,system,2026-01-01 00:00:00,system
23,16,CUST0016-SHIP-02,Clearpath Industrial Distribution Distribution Hub 2,Kunal Shah,080-4108016,"Plot 70, Distribution Hub","Sector 7, Hubballi Logistics District",Hubballi,Karnataka,580230,India,False,active,2026-01-01 00:00:00,system,2026-01-01 00:00:00,system
24,16,CUST0016-SHIP-03,Clearpath Industrial Distribution Service Centre 3,Kunal Shah,080-4108016,"Plot 71, Service Centre","Sector 8, Mysuru Logistics District",Mysuru,Karnataka,570237,India,False,active,2026-01-01 00:00:00,system,2026-01-01 00:00:00,system
25,17,CUST0017-SHIP-01,Vertex Industrial Distribution Primary Ship-To,Nikhil Shah,0141-4108017,"Plot 27, Logistics Park","Sector 6, Jodhpur Business District",Jodhpur,Rajasthan,342107,India,True,active,2026-01-01 00:00:00,system,2026-01-01 00:00:00,system
26,18,CUST0018-SHIP-01,Oakridge Industrial Distribution Primary Ship-To,Arjun Shah,0755-4108018,"Plot 28, Commercial Zone","Sector 7, Indore Business District",Indore,Madhya Pradesh,452112,India,True,active,2026-01-01 00:00:00,system,2026-01-01 00:00:00,system
27,19,CUST0019-SHIP-01,Redwood Process Industries Primary Ship-To,Vikram Shah,080-4108019,"Plot 29, Business Park","Sector 8, Bengaluru Business District",Bengaluru,Karnataka,560112,India,True,active,2026-01-01 00:00:00,system,2026-01-01 00:00:00,system
28,20,CUST0020-SHIP-01,Meadowline Process Industries Primary Ship-To,Siddharth Shah,0870-4108020,"Plot 30, Industrial Area",,Warangal,Telangana,506105,India,True,active,2026-01-01 00:00:00,system,2026-01-01 00:00:00,system
29,20,CUST0020-SHIP-02,Meadowline Process Industries Distribution Hub 2,Siddharth Shah,0870-4108020,"Plot 82, Distribution Hub","Sector 11, Hyderabad Logistics District",Hyderabad,Telangana,500234,India,False,active,2026-01-01 00:00:00,system,2026-01-01 00:00:00,system
30,20,CUST0020-SHIP-03,Meadowline Process Industries Service Centre 3,Siddharth Shah,0870-4108020,"Plot 83, Service Centre","Sector 12, Warangal Logistics District",Warangal,Telangana,506241,India,False,active,2026-01-01 00:00:00,system,2026-01-01 00:00:00,system
31,21,CUST0021-SHIP-01,Cedarpoint Auto & Machinery Primary Ship-To,Aditya Shah,0731-4108021,"Plot 31, Industrial Estate","Sector 10, Bhopal Business District",Bhopal,Madhya Pradesh,462103,India,True,active,2026-01-01 00:00:00,system,2026-01-01 00:00:00,system
32,21,CUST0021-SHIP-02,Cedarpoint Auto & Machinery Distribution Hub 2,Aditya Shah,0731-4108021,"Plot 85, Distribution Hub","Sector 12, Bhopal Logistics District",Bhopal,Madhya Pradesh,462235,India,False,active,2026-01-01 00:00:00,system,2026-01-01 00:00:00,system
33,21,CUST0021-SHIP-03,Cedarpoint Auto & Machinery Service Centre 3,Aditya Shah,0731-4108021,"Plot 86, Service Centre","Sector 1, Indore Logistics District",Indore,Madhya Pradesh,452242,India,False,active,2026-01-01 00:00:00,system,2026-01-01 00:00:00,system
34,21,CUST0021-SHIP-04,Cedarpoint Auto & Machinery Industrial Depot 4,Aditya Shah,0731-4108021,"Plot 87, Industrial Depot","Sector 2, Bhopal Logistics District",Bhopal,Madhya Pradesh,462249,India,False,active,2026-01-01 00:00:00,system,2026-01-01 00:00:00,system
35,22,CUST0022-SHIP-01,Highland Auto & Machinery Primary Ship-To,Rahul Shah,0291-4108022,"Plot 32, Logistics Park","Sector 11, Jaipur Business District",Jaipur,Rajasthan,302100,India,True,active,2026-01-01 00:00:00,system,2026-01-01 00:00:00,system
36,22,CUST0022-SHIP-02,Highland Auto & Machinery Distribution Hub 2,Rahul Shah,0291-4108022,"Plot 88, Distribution Hub","Sector 1, Jaipur Logistics District",Jaipur,Rajasthan,302236,India,False,active,2026-01-01 00:00:00,system,2026-01-01 00:00:00,system
37,23,CUST0023-SHIP-01,Brookfield Industrial Distribution Primary Ship-To,Neeraj Shah,0253-4108023,"Plot 33, Commercial Zone","Sector 12, Navi Mumbai Business District",Navi Mumbai,Maharashtra,400126,India,True,active,2026-01-01 00:00:00,system,2026-01-01 00:00:00,system
38,23,CUST0023-SHIP-02,Brookfield Industrial Distribution Distribution Hub 2,Neeraj Shah,0253-4108023,"Plot 91, Distribution Hub","Sector 2, Nagpur Logistics District",Nagpur,Maharashtra,440237,India,False,active,2026-01-01 00:00:00,system,2026-01-01 00:00:00,system
39,24,CUST0024-SHIP-01,Eastmark Industrial Distribution Primary Ship-To,Amit Shah,0281-4108024,"Plot 34, Business Park",,Vadodara,Gujarat,390129,India,True,active,2026-01-01 00:00:00,system,2026-01-01 00:00:00,system
40,24,CUST0024-SHIP-02,Eastmark Industrial Distribution Distribution Hub 2,Amit Shah,0281-4108024,"Plot 94, Distribution Hub","Sector 3, Ahmedabad Logistics District",Ahmedabad,Gujarat,380238,India,False,active,2026-01-01 00:00:00,system,2026-01-01 00:00:00,system
41,24,CUST0024-SHIP-03,Eastmark Industrial Distribution Service Centre 3,Amit Shah,0281-4108024,"Plot 95, Service Centre","Sector 4, Vadodara Logistics District",Vadodara,Gujarat,390245,India,False,active,2026-01-01 00:00:00,system,2026-01-01 00:00:00,system
42,25,CUST0025-SHIP-01,Fairview Industrial Distribution Primary Ship-To,Aarav Kapoor,0120-4108025,"Plot 35, Industrial Area","Sector 2, Lucknow Business District",Lucknow,Uttar Pradesh,226101,India,True,active,2026-01-01 00:00:00,system,2026-01-01 00:00:00,system
43,26,CUST0026-SHIP-01,Lakeside Industrial Distribution Primary Ship-To,Ishaan Kapoor,0832-4108026,"Plot 36, Industrial Estate","Sector 3, Panaji Business District",Panaji,Goa,403102,India,True,active,2026-01-01 00:00:00,system,2026-01-01 00:00:00,system
44,26,CUST0026-SHIP-02,Lakeside Industrial Distribution Distribution Hub 2,Ishaan Kapoor,0832-4108026,"Plot 20, Distribution Hub","Sector 5, Panaji Logistics District",Panaji,Goa,403240,India,False,active,2026-01-01 00:00:00,system,2026-01-01 00:00:00,system
45,26,CUST0026-SHIP-03,Lakeside Industrial Distribution Service Centre 3,Ishaan Kapoor,0832-4108026,"Plot 21, Service Centre","Sector 6, Margao Logistics District",Margao,Goa,403247,India,False,active,2026-01-01 00:00:00,system,2026-01-01 00:00:00,system
46,26,CUST0026-SHIP-04,Lakeside Industrial Distribution Industrial Depot 4,Ishaan Kapoor,0832-4108026,"Plot 22, Industrial Depot","Sector 7, Panaji Logistics District",Panaji,Goa,403254,India,False,active,2026-01-01 00:00:00,system,2026-01-01 00:00:00,system
47,27,CUST0027-SHIP-01,Greenridge Industrial Distribution Primary Ship-To,Rohan Kapoor,0253-4108027,"Plot 37, Logistics Park","Sector 4, Nashik Business District",Nashik,Maharashtra,422112,India,True,active,2026-01-01 00:00:00,system,2026-01-01 00:00:00,system
48,28,CUST0028-SHIP-01,Metrocrest Process Industries Primary Ship-To,Kunal Kapoor,080-4108028,"Plot 38, Commercial Zone",,Mysuru,Karnataka,570111,India,True,active,2026-01-01 00:00:00,system,2026-01-01 00:00:00,system
49,28,CUST0028-SHIP-02,Metrocrest Process Industries Distribution Hub 2,Kunal Kapoor,080-4108028,"Plot 26, Distribution Hub","Sector 7, Hubballi Logistics District",Hubballi,Karnataka,580242,India,False,active,2026-01-01 00:00:00,system,2026-01-01 00:00:00,system
50,28,CUST0028-SHIP-03,Metrocrest Process Industries Service Centre 3,Kunal Kapoor,080-4108028,"Plot 27, Service Centre","Sector 8, Mysuru Logistics District",Mysuru,Karnataka,570249,India,False,active,2026-01-01 00:00:00,system,2026-01-01 00:00:00,system
51,29,CUST0029-SHIP-01,Ironvale Fleet Systems Primary Ship-To,Nikhil Kapoor,020-4108029,"Plot 39, Business Park","Sector 6, Chhatrapati Sambhajinagar Business District",Chhatrapati Sambhajinagar,Maharashtra,431124,India,True,active,2026-01-01 00:00:00,system,2026-01-01 00:00:00,system
52,29,CUST0029-SHIP-02,Ironvale Fleet Systems Distribution Hub 2,Nikhil Kapoor,020-4108029,"Plot 29, Distribution Hub","Sector 8, Chhatrapati Sambhajinagar Logistics District",Chhatrapati Sambhajinagar,Maharashtra,431243,India,False,active,2026-01-01 00:00:00,system,2026-01-01 00:00:00,system
53,29,CUST0029-SHIP-03,Ironvale Fleet Systems Service Centre 3,Nikhil Kapoor,020-4108029,"Plot 30, Service Centre","Sector 9, Pune Logistics District",Pune,Maharashtra,411250,India,False,active,2026-01-01 00:00:00,system,2026-01-01 00:00:00,system
54,30,CUST0030-SHIP-01,Goldcrest Fleet Systems Primary Ship-To,Arjun Kapoor,022-4108030,"Plot 40, Industrial Area","Sector 7, Navi Mumbai Business District",Navi Mumbai,Maharashtra,400121,India,True,active,2026-01-01 00:00:00,system,2026-01-01 00:00:00,system
55,31,CUST0031-SHIP-01,Sunridge Process Industries Primary Ship-To,Vikram Kapoor,0120-4108031,"Plot 41, Industrial Estate","Sector 8, Lucknow Business District",Lucknow,Uttar Pradesh,226107,India,True,active,2026-01-01 00:00:00,system,2026-01-01 00:00:00,system
56,31,CUST0031-SHIP-02,Sunridge Process Industries Distribution Hub 2,Vikram Kapoor,0120-4108031,"Plot 35, Distribution Hub","Sector 10, Lucknow Logistics District",Lucknow,Uttar Pradesh,226245,India,False,active,2026-01-01 00:00:00,system,2026-01-01 00:00:00,system
57,32,CUST0032-SHIP-01,Brightfield Auto & Machinery Primary Ship-To,Siddharth Kapoor,0712-4108032,"Plot 42, Logistics Park",,Pune,Maharashtra,411130,India,True,active,2026-01-01 00:00:00,system,2026-01-01 00:00:00,system
58,32,CUST0032-SHIP-02,Brightfield Auto & Machinery Distribution Hub 2,Siddharth Kapoor,0712-4108032,"Plot 38, Distribution Hub","Sector 11, Nashik Logistics District",Nashik,Maharashtra,422246,India,False,active,2026-01-01 00:00:00,system,2026-01-01 00:00:00,system
59,32,CUST0032-SHIP-03,Brightfield Auto & Machinery Service Centre 3,Siddharth Kapoor,0712-4108032,"Plot 39, Service Centre","Sector 12, Nagpur Logistics District",Nagpur,Maharashtra,440253,India,False,active,2026-01-01 00:00:00,system,2026-01-01 00:00:00,system
60,33,CUST0033-SHIP-01,Maplebridge Auto & Machinery Primary Ship-To,Aditya Kapoor,011-4108033,"Plot 43, Commercial Zone","Sector 10, New Delhi Business District",New Delhi,Delhi,110106,India,True,active,2026-01-01 00:00:00,system,2026-01-01 00:00:00,system
61,33,CUST0033-SHIP-02,Maplebridge Auto & Machinery Distribution Hub 2,Aditya Kapoor,011-4108033,"Plot 41, Distribution Hub","Sector 12, New Delhi Logistics District",New Delhi,Delhi,110247,India,False,active,2026-01-01 00:00:00,system,2026-01-01 00:00:00,system
62,33,CUST0033-SHIP-03,Maplebridge Auto & Machinery Service Centre 3,Aditya Kapoor,011-4108033,"Plot 42, Service Centre","Sector 1, New Delhi Logistics District",New Delhi,Delhi,110254,India,False,active,2026-01-01 00:00:00,system,2026-01-01 00:00:00,system
63,34,CUST0034-SHIP-01,Parkstone Fleet Systems Primary Ship-To,Rahul Kapoor,0755-4108034,"Plot 44, Business Park","Sector 11, Bhopal Business District",Bhopal,Madhya Pradesh,462109,India,True,active,2026-01-01 00:00:00,system,2026-01-01 00:00:00,system
64,35,CUST0035-SHIP-01,Riveroak Industrial Distribution Primary Ship-To,Neeraj Kapoor,0731-4108035,"Plot 45, Industrial Area","Sector 12, Bhopal Business District",Bhopal,Madhya Pradesh,462117,India,True,active,2026-01-01 00:00:00,system,2026-01-01 00:00:00,system
65,35,CUST0035-SHIP-02,Riveroak Industrial Distribution Distribution Hub 2,Neeraj Kapoor,0731-4108035,"Plot 47, Distribution Hub","Sector 2, Bhopal Logistics District",Bhopal,Madhya Pradesh,462249,India,False,active,2026-01-01 00:00:00,system,2026-01-01 00:00:00,system
66,35,CUST0035-SHIP-03,Riveroak Industrial Distribution Service Centre 3,Neeraj Kapoor,0731-4108035,"Plot 48, Service Centre","Sector 3, Indore Logistics District",Indore,Madhya Pradesh,452256,India,False,active,2026-01-01 00:00:00,system,2026-01-01 00:00:00,system
67,36,CUST0036-SHIP-01,Crownfield Fleet Systems Primary Ship-To,Amit Kapoor,0712-4108036,"Plot 46, Industrial Estate",,Navi Mumbai,Maharashtra,400136,India,True,active,2026-01-01 00:00:00,system,2026-01-01 00:00:00,system
68,37,CUST0037-SHIP-01,Falconridge Process Industries Primary Ship-To,Aarav Patel,080-4108037,"Plot 47, Logistics Park","Sector 2, Bengaluru Business District",Bengaluru,Karnataka,560103,India,True,active,2026-01-01 00:00:00,system,2026-01-01 00:00:00,system
69,37,CUST0037-SHIP-02,Falconridge Process Industries Distribution Hub 2,Aarav Patel,080-4108037,"Plot 53, Distribution Hub","Sector 4, Hubballi Logistics District",Hubballi,Karnataka,580251,India,False,active,2026-01-01 00:00:00,system,2026-01-01 00:00:00,system
70,37,CUST0037-SHIP-03,Falconridge Process Industries Service Centre 3,Aarav Patel,080-4108037,"Plot 54, Service Centre","Sector 5, Mysuru Logistics District",Mysuru,Karnataka,570258,India,False,active,2026-01-01 00:00:00,system,2026-01-01 00:00:00,system
71,37,CUST0037-SHIP-04,Falconridge Process Industries Industrial Depot 4,Aarav Patel,080-4108037,"Plot 55, Industrial Depot","Sector 6, Bengaluru Logistics District",Bengaluru,Karnataka,560265,India,False,active,2026-01-01 00:00:00,system,2026-01-01 00:00:00,system
72,38,CUST0038-SHIP-01,Horizon Process Industries Primary Ship-To,Ishaan Patel,0265-4108038,"Plot 48, Commercial Zone","Sector 3, Rajkot Business District",Rajkot,Gujarat,360127,India,True,active,2026-01-01 00:00:00,system,2026-01-01 00:00:00,system
73,38,CUST0038-SHIP-02,Horizon Process Industries Distribution Hub 2,Ishaan Patel,0265-4108038,"Plot 56, Distribution Hub","Sector 5, Surat Logistics District",Surat,Gujarat,395252,India,False,active,2026-01-01 00:00:00,system,2026-01-01 00:00:00,system
74,38,CUST0038-SHIP-03,Horizon Process Industries Service Centre 3,Ishaan Patel,0265-4108038,"Plot 57, Service Centre","Sector 6, Rajkot Logistics District",Rajkot,Gujarat,360259,India,False,active,2026-01-01 00:00:00,system,2026-01-01 00:00:00,system
75,39,CUST0039-SHIP-01,Meridian Industrial Distribution Primary Ship-To,Rohan Patel,044-4108039,"Plot 49, Business Park","Sector 4, Chennai Business District",Chennai,Tamil Nadu,600102,India,True,active,2026-01-01 00:00:00,system,2026-01-01 00:00:00,system
76,39,CUST0039-SHIP-02,Meridian Industrial Distribution Distribution Hub 2,Rohan Patel,044-4108039,"Plot 59, Distribution Hub","Sector 6, Coimbatore Logistics District",Coimbatore,Tamil Nadu,641253,India,False,active,2026-01-01 00:00:00,system,2026-01-01 00:00:00,system
77,40,CUST0040-SHIP-01,Granite Auto & Machinery Primary Ship-To,Kunal Patel,0712-4108040,"Plot 50, Industrial Area",,Chhatrapati Sambhajinagar,Maharashtra,431109,India,True,active,2026-01-01 00:00:00,system,2026-01-01 00:00:00,system
78,41,CUST0041-SHIP-01,Oakfield Fleet Systems Primary Ship-To,Nikhil Patel,020-4108041,"Plot 51, Industrial Estate","Sector 6, Pune Business District",Pune,Maharashtra,411135,India,True,active,2026-01-01 00:00:00,system,2026-01-01 00:00:00,system
79,42,CUST0042-SHIP-01,Westgate Industrial Distribution Primary Ship-To,Arjun Patel,022-4108042,"Plot 52, Logistics Park","Sector 7, Pune Business District",Pune,Maharashtra,411115,India,True,active,2026-01-01 00:00:00,system,2026-01-01 00:00:00,system
80,43,CUST0043-SHIP-01,Blueharbor Auto & Machinery Primary Ship-To,Vikram Patel,0253-4108043,"Plot 53, Commercial Zone","Sector 8, Nashik Business District",Nashik,Maharashtra,422107,India,True,active,2026-01-01 00:00:00,system,2026-01-01 00:00:00,system
81,43,CUST0043-SHIP-02,Blueharbor Auto & Machinery Distribution Hub 2,Vikram Patel,0253-4108043,"Plot 71, Distribution Hub","Sector 10, Nagpur Logistics District",Nagpur,Maharashtra,440257,India,False,active,2026-01-01 00:00:00,system,2026-01-01 00:00:00,system
82,44,CUST0044-SHIP-01,Crestwood Process Industries Primary Ship-To,Siddharth Patel,0832-4108044,"Plot 54, Business Park",,Panaji,Goa,403104,India,True,active,2026-01-01 00:00:00,system,2026-01-01 00:00:00,system
83,44,CUST0044-SHIP-02,Crestwood Process Industries Distribution Hub 2,Siddharth Patel,0832-4108044,"Plot 74, Distribution Hub","Sector 11, Panaji Logistics District",Panaji,Goa,403258,India,False,active,2026-01-01 00:00:00,system,2026-01-01 00:00:00,system
84,44,CUST0044-SHIP-03,Crestwood Process Industries Service Centre 3,Siddharth Patel,0832-4108044,"Plot 75, Service Centre","Sector 12, Margao Logistics District",Margao,Goa,403265,India,False,active,2026-01-01 00:00:00,system,2026-01-01 00:00:00,system
85,45,CUST0045-SHIP-01,Northstar Industrial Distribution Primary Ship-To,Aditya Patel,044-4108045,"Plot 55, Industrial Area","Sector 10, Chennai Business District",Chennai,Tamil Nadu,600100,India,True,active,2026-01-01 00:00:00,system,2026-01-01 00:00:00,system
86,46,CUST0046-SHIP-01,Aspenridge Fleet Systems Primary Ship-To,Rahul Patel,0291-4108046,"Plot 56, Industrial Estate","Sector 11, Jodhpur Business District",Jodhpur,Rajasthan,342105,India,True,active,2026-01-01 00:00:00,system,2026-01-01 00:00:00,system
87,46,CUST0046-SHIP-02,Aspenridge Fleet Systems Distribution Hub 2,Rahul Patel,0291-4108046,"Plot 80, Distribution Hub","Sector 1, Jaipur Logistics District",Jaipur,Rajasthan,302260,India,False,active,2026-01-01 00:00:00,system,2026-01-01 00:00:00,system
88,47,CUST0047-SHIP-01,Silverline Industrial Distribution Primary Ship-To,Neeraj Patel,0731-4108047,"Plot 57, Logistics Park","Sector 12, Indore Business District",Indore,Madhya Pradesh,452118,India,True,active,2026-01-01 00:00:00,system,2026-01-01 00:00:00,system
89,47,CUST0047-SHIP-02,Silverline Industrial Distribution Distribution Hub 2,Neeraj Patel,0731-4108047,"Plot 83, Distribution Hub","Sector 2, Bhopal Logistics District",Bhopal,Madhya Pradesh,462261,India,False,active,2026-01-01 00:00:00,system,2026-01-01 00:00:00,system
90,48,CUST0048-SHIP-01,Summitgate Process Industries Primary Ship-To,Amit Patel,0712-4108048,"Plot 58, Commercial Zone",,Pune,Maharashtra,411120,India,True,active,2026-01-01 00:00:00,system,2026-01-01 00:00:00,system
91,49,CUST0049-SHIP-01,Pinecrest Industrial Distribution Primary Ship-To,Aarav Joshi,0141-4108049,"Plot 59, Business Park","Sector 2, Jaipur Business District",Jaipur,Rajasthan,302104,India,True,active,2026-01-01 00:00:00,system,2026-01-01 00:00:00,system
92,49,CUST0049-SHIP-02,Pinecrest Industrial Distribution Distribution Hub 2,Aarav Joshi,0141-4108049,"Plot 89, Distribution Hub","Sector 4, Jodhpur Logistics District",Jodhpur,Rajasthan,342263,India,False,active,2026-01-01 00:00:00,system,2026-01-01 00:00:00,system
93,50,CUST0050-SHIP-01,Clearbrook Industrial Distribution Primary Ship-To,Ishaan Joshi,0291-4108050,"Plot 60, Industrial Area","Sector 3, Jaipur Business District",Jaipur,Rajasthan,302102,India,True,active,2026-01-01 00:00:00,system,2026-01-01 00:00:00,system
94,50,CUST0050-SHIP-02,Clearbrook Industrial Distribution Distribution Hub 2,Ishaan Joshi,0291-4108050,"Plot 92, Distribution Hub","Sector 5, Jaipur Logistics District",Jaipur,Rajasthan,302264,India,False,active,2026-01-01 00:00:00,system,2026-01-01 00:00:00,system
95,51,CUST0051-SHIP-01,Evergreen Fleet Systems Primary Ship-To,Rohan Joshi,044-4108051,"Plot 61, Industrial Estate","Sector 4, Coimbatore Business District",Coimbatore,Tamil Nadu,641107,India,True,active,2026-01-01 00:00:00,system,2026-01-01 00:00:00,system
96,52,CUST0052-SHIP-01,Hillmark Industrial Distribution Primary Ship-To,Kunal Joshi,0712-4108052,"Plot 62, Logistics Park",,Pune,Maharashtra,411110,India,True,active,2026-01-01 00:00:00,system,2026-01-01 00:00:00,system
97,52,CUST0052-SHIP-02,Hillmark Industrial Distribution Distribution Hub 2,Kunal Joshi,0712-4108052,"Plot 98, Distribution Hub","Sector 7, Nashik Logistics District",Nashik,Maharashtra,422266,India,False,active,2026-01-01 00:00:00,system,2026-01-01 00:00:00,system
98,52,CUST0052-SHIP-03,Hillmark Industrial Distribution Service Centre 3,Kunal Joshi,0712-4108052,"Plot 99, Service Centre","Sector 8, Nagpur Logistics District",Nagpur,Maharashtra,440273,India,False,active,2026-01-01 00:00:00,system,2026-01-01 00:00:00,system
99,52,CUST0052-SHIP-04,Hillmark Industrial Distribution Industrial Depot 4,Kunal Joshi,0712-4108052,"Plot 20, Industrial Depot","Sector 9, Chhatrapati Sambhajinagar Logistics District",Chhatrapati Sambhajinagar,Maharashtra,431280,India,False,active,2026-01-01 00:00:00,system,2026-01-01 00:00:00,system
100,53,CUST0053-SHIP-01,Stonegate Fleet Systems Primary Ship-To,Nikhil Joshi,079-4108053,"Plot 63, Commercial Zone","Sector 6, Rajkot Business District",Rajkot,Gujarat,360111,India,True,active,2026-01-01 00:00:00,system,2026-01-01 00:00:00,system
101,54,CUST0054-SHIP-01,Ridgefield Process Industries Primary Ship-To,Arjun Joshi,0291-4108054,"Plot 64, Business Park","Sector 7, Jaipur Business District",Jaipur,Rajasthan,302112,India,True,active,2026-01-01 00:00:00,system,2026-01-01 00:00:00,system
102,54,CUST0054-SHIP-02,Ridgefield Process Industries Distribution Hub 2,Arjun Joshi,0291-4108054,"Plot 24, Distribution Hub","Sector 9, Jaipur Logistics District",Jaipur,Rajasthan,302268,India,False,active,2026-01-01 00:00:00,system,2026-01-01 00:00:00,system
103,54,CUST0054-SHIP-03,Ridgefield Process Industries Service Centre 3,Arjun Joshi,0291-4108054,"Plot 25, Service Centre","Sector 10, Jodhpur Logistics District",Jodhpur,Rajasthan,342275,India,False,active,2026-01-01 00:00:00,system,2026-01-01 00:00:00,system
104,55,CUST0055-SHIP-01,Brightstone Process Industries Primary Ship-To,Vikram Joshi,080-4108055,"Plot 65, Industrial Area","Sector 8, Bengaluru Business District",Bengaluru,Karnataka,560115,India,True,active,2026-01-01 00:00:00,system,2026-01-01 00:00:00,system
105,56,CUST0056-SHIP-01,Grandridge Industrial Distribution Primary Ship-To,Siddharth Joshi,0712-4108056,"Plot 66, Industrial Estate",,Chhatrapati Sambhajinagar,Maharashtra,431129,India,True,active,2026-01-01 00:00:00,system,2026-01-01 00:00:00,system
106,56,CUST0056-SHIP-02,Grandridge Industrial Distribution Distribution Hub 2,Siddharth Joshi,0712-4108056,"Plot 30, Distribution Hub","Sector 11, Navi Mumbai Logistics District",Navi Mumbai,Maharashtra,400270,India,False,active,2026-01-01 00:00:00,system,2026-01-01 00:00:00,system
107,56,CUST0056-SHIP-03,Grandridge Industrial Distribution Service Centre 3,Siddharth Joshi,0712-4108056,"Plot 31, Service Centre","Sector 12, Nashik Logistics District",Nashik,Maharashtra,422277,India,False,active,2026-01-01 00:00:00,system,2026-01-01 00:00:00,system
108,57,CUST0057-SHIP-01,Linden Industrial Distribution Primary Ship-To,Aditya Joshi,0821-4108057,"Plot 67, Logistics Park","Sector 10, Hubballi Business District",Hubballi,Karnataka,580122,India,True,active,2026-01-01 00:00:00,system,2026-01-01 00:00:00,system
109,58,CUST0058-SHIP-01,Redcrest Industrial Distribution Primary Ship-To,Rahul Joshi,022-4108058,"Plot 68, Commercial Zone","Sector 11, Nashik Business District",Nashik,Maharashtra,422102,India,True,active,2026-01-01 00:00:00,system,2026-01-01 00:00:00,system
110,59,CUST0059-SHIP-01,Westfield Fleet Systems Primary Ship-To,Neeraj Joshi,0141-4108059,"Plot 69, Business Park","Sector 12, Jaipur Business District",Jaipur,Rajasthan,302110,India,True,active,2026-01-01 00:00:00,system,2026-01-01 00:00:00,system
111,60,CUST0060-SHIP-01,Eastbridge Process Industries Primary Ship-To,Amit Joshi,0281-4108060,"Plot 70, Industrial Area",,Vadodara,Gujarat,390105,India,True,active,2026-01-01 00:00:00,system,2026-01-01 00:00:00,system
112,60,CUST0060-SHIP-02,Eastbridge Process Industries Distribution Hub 2,Amit Joshi,0281-4108060,"Plot 42, Distribution Hub","Sector 3, Ahmedabad Logistics District",Ahmedabad,Gujarat,380274,India,False,active,2026-01-01 00:00:00,system,2026-01-01 00:00:00,system
113,60,CUST0060-SHIP-03,Eastbridge Process Industries Service Centre 3,Amit Joshi,0281-4108060,"Plot 43, Service Centre","Sector 4, Vadodara Logistics District",Vadodara,Gujarat,390281,India,False,active,2026-01-01 00:00:00,system,2026-01-01 00:00:00,system
114,61,CUST0061-SHIP-01,Oakstone Industrial Distribution Primary Ship-To,Aarav Verma,0731-4108061,"Plot 71, Industrial Estate","Sector 2, Bhopal Business District",Bhopal,Madhya Pradesh,462105,India,True,active,2026-01-01 00:00:00,system,2026-01-01 00:00:00,system
115,61,CUST0061-SHIP-02,Oakstone Industrial Distribution Distribution Hub 2,Aarav Verma,0731-4108061,"Plot 45, Distribution Hub","Sector 4, Bhopal Logistics District",Bhopal,Madhya Pradesh,462275,India,False,active,2026-01-01 00:00:00,system,2026-01-01 00:00:00,system
116,61,CUST0061-SHIP-03,Oakstone Industrial Distribution Service Centre 3,Aarav Verma,0731-4108061,"Plot 46, Service Centre","Sector 5, Indore Logistics District",Indore,Madhya Pradesh,452282,India,False,active,2026-01-01 00:00:00,system,2026-01-01 00:00:00,system
117,61,CUST0061-SHIP-04,Oakstone Industrial Distribution Industrial Depot 4,Aarav Verma,0731-4108061,"Plot 47, Industrial Depot","Sector 6, Bhopal Logistics District",Bhopal,Madhya Pradesh,462289,India,False,active,2026-01-01 00:00:00,system,2026-01-01 00:00:00,system
118,61,CUST0061-SHIP-05,Oakstone Industrial Distribution Business Park 5,Aarav Verma,0731-4108061,"Plot 48, Business Park","Sector 7, Indore Logistics District",Indore,Madhya Pradesh,452296,India,False,active,2026-01-01 00:00:00,system,2026-01-01 00:00:00,system
119,62,CUST0062-SHIP-01,Rivercrest Process Industries Primary Ship-To,Ishaan Verma,0422-4108062,"Plot 72, Logistics Park","Sector 3, Chennai Business District",Chennai,Tamil Nadu,600108,India,True,active,2026-01-01 00:00:00,system,2026-01-01 00:00:00,system
120,62,CUST0062-SHIP-02,Rivercrest Process Industries Distribution Hub 2,Ishaan Verma,0422-4108062,"Plot 48, Distribution Hub","Sector 5, Chennai Logistics District",Chennai,Tamil Nadu,600276,India,False,active,2026-01-01 00:00:00,system,2026-01-01 00:00:00,system
121,63,CUST0063-SHIP-01,Highpoint Fleet Systems Primary Ship-To,Rohan Verma,0141-4108063,"Plot 73, Commercial Zone","Sector 4, Jaipur Business District",Jaipur,Rajasthan,302106,India,True,active,2026-01-01 00:00:00,system,2026-01-01 00:00:00,system
122,64,CUST0064-SHIP-01,Fairmont Industrial Distribution Primary Ship-To,Kunal Verma,0832-4108064,"Plot 74, Business Park",,Margao,Goa,403103,India,True,active,2026-01-01 00:00:00,system,2026-01-01 00:00:00,system
123,64,CUST0064-SHIP-02,Fairmont Industrial Distribution Distribution Hub 2,Kunal Verma,0832-4108064,"Plot 54, Distribution Hub","Sector 7, Panaji Logistics District",Panaji,Goa,403278,India,False,active,2026-01-01 00:00:00,system,2026-01-01 00:00:00,system
124,65,CUST0065-SHIP-01,Bluefield Auto & Machinery Primary Ship-To,Nikhil Verma,0836-4108065,"Plot 75, Industrial Area","Sector 6, Hubballi Business District",Hubballi,Karnataka,580101,India,True,active,2026-01-01 00:00:00,system,2026-01-01 00:00:00,system
125,66,CUST0066-SHIP-01,Cedarcrest Process Industries Primary Ship-To,Arjun Verma,0870-4108066,"Plot 76, Industrial Estate","Sector 7, Hyderabad Business District",Hyderabad,Telangana,500104,India,True,active,2026-01-01 00:00:00,system,2026-01-01 00:00:00,system
126,67,CUST0067-SHIP-01,Northgate Industrial Distribution Primary Ship-To,Vikram Verma,040-4108067,"Plot 77, Logistics Park","Sector 8, Hyderabad Business District",Hyderabad,Telangana,500100,India,True,active,2026-01-01 00:00:00,system,2026-01-01 00:00:00,system
127,67,CUST0067-SHIP-02,Northgate Industrial Distribution Distribution Hub 2,Vikram Verma,040-4108067,"Plot 63, Distribution Hub","Sector 10, Warangal Logistics District",Warangal,Telangana,506281,India,False,active,2026-01-01 00:00:00,system,2026-01-01 00:00:00,system
128,68,CUST0068-SHIP-01,Greenstone Process Industries Primary Ship-To,Siddharth Verma,0836-4108068,"Plot 78, Commercial Zone",,Hubballi,Karnataka,580104,India,True,active,2026-01-01 00:00:00,system,2026-01-01 00:00:00,system
129,69,CUST0069-SHIP-01,Primebridge Fleet Systems Primary Ship-To,Aditya Verma,044-4108069,"Plot 79, Business Park","Sector 10, Coimbatore Business District",Coimbatore,Tamil Nadu,641105,India,True,active,2026-01-01 00:00:00,system,2026-01-01 00:00:00,system
130,69,CUST0069-SHIP-02,Primebridge Fleet Systems Distribution Hub 2,Aditya Verma,044-4108069,"Plot 69, Distribution Hub","Sector 12, Coimbatore Logistics District",Coimbatore,Tamil Nadu,641283,India,False,active,2026-01-01 00:00:00,system,2026-01-01 00:00:00,system
131,69,CUST0069-SHIP-03,Primebridge Fleet Systems Service Centre 3,Aditya Verma,044-4108069,"Plot 70, Service Centre","Sector 1, Chennai Logistics District",Chennai,Tamil Nadu,600290,India,False,active,2026-01-01 00:00:00,system,2026-01-01 00:00:00,system
132,70,CUST0070-SHIP-01,Ironridge Auto & Machinery Primary Ship-To,Rahul Verma,0755-4108070,"Plot 10, Industrial Area","Sector 11, Indore Business District",Indore,Madhya Pradesh,452108,India,True,active,2026-01-01 00:00:00,system,2026-01-01 00:00:00,system
133,70,CUST0070-SHIP-02,Ironridge Auto & Machinery Distribution Hub 2,Rahul Verma,0755-4108070,"Plot 72, Distribution Hub","Sector 1, Indore Logistics District",Indore,Madhya Pradesh,452284,India,False,active,2026-01-01 00:00:00,system,2026-01-01 00:00:00,system
134,70,CUST0070-SHIP-03,Ironridge Auto & Machinery Service Centre 3,Rahul Verma,0755-4108070,"Plot 73, Service Centre","Sector 2, Bhopal Logistics District",Bhopal,Madhya Pradesh,462291,India,False,active,2026-01-01 00:00:00,system,2026-01-01 00:00:00,system
135,71,CUST0071-SHIP-01,Silvercrest Fleet Systems Primary Ship-To,Neeraj Verma,040-4108071,"Plot 11, Industrial Estate","Sector 12, Hyderabad Business District",Hyderabad,Telangana,500106,India,True,active,2026-01-01 00:00:00,system,2026-01-01 00:00:00,system
136,72,CUST0072-SHIP-01,Maplefield Industrial Distribution Primary Ship-To,Amit Verma,0755-4108072,"Plot 12, Logistics Park",,Bhopal,Madhya Pradesh,462115,India,True,active,2026-01-01 00:00:00,system,2026-01-01 00:00:00,system
137,73,CUST0073-SHIP-01,Crestline Process Industries Primary Ship-To,Aarav Malhotra,020-4108073,"Plot 13, Commercial Zone","Sector 2, Navi Mumbai Business District",Navi Mumbai,Maharashtra,400101,India,True,active,2026-01-01 00:00:00,system,2026-01-01 00:00:00,system
138,73,CUST0073-SHIP-02,Crestline Process Industries Distribution Hub 2,Aarav Malhotra,020-4108073,"Plot 81, Distribution Hub","Sector 4, Nagpur Logistics District",Nagpur,Maharashtra,440287,India,False,active,2026-01-01 00:00:00,system,2026-01-01 00:00:00,system
139,74,CUST0074-SHIP-01,Pinebridge Process Industries Primary Ship-To,Ishaan Malhotra,022-4108074,"Plot 14, Business Park","Sector 3, Navi Mumbai Business District",Navi Mumbai,Maharashtra,400106,India,True,active,2026-01-01 00:00:00,system,2026-01-01 00:00:00,system
140,74,CUST0074-SHIP-02,Pinebridge Process Industries Distribution Hub 2,Ishaan Malhotra,022-4108074,"Plot 84, Distribution Hub","Sector 5, Chhatrapati Sambhajinagar Logistics District",Chhatrapati Sambhajinagar,Maharashtra,431288,India,False,active,2026-01-01 00:00:00,system,2026-01-01 00:00:00,system
141,75,CUST0075-SHIP-01,Meadowcrest Auto & Machinery Primary Ship-To,Rohan Malhotra,0832-4108075,"Plot 15, Industrial Area","Sector 4, Panaji Business District",Panaji,Goa,403100,India,True,active,2026-01-01 00:00:00,system,2026-01-01 00:00:00,system
142,75,CUST0075-SHIP-02,Meadowcrest Auto & Machinery Distribution Hub 2,Rohan Malhotra,0832-4108075,"Plot 87, Distribution Hub","Sector 6, Margao Logistics District",Margao,Goa,403289,India,False,active,2026-01-01 00:00:00,system,2026-01-01 00:00:00,system
143,76,CUST0076-SHIP-01,Stonebridge Process Industries Primary Ship-To,Kunal Malhotra,0291-4108076,"Plot 16, Industrial Estate",,Jaipur,Rajasthan,302108,India,True,active,2026-01-01 00:00:00,system,2026-01-01 00:00:00,system
144,77,CUST0077-SHIP-01,Grandfield Industrial Distribution Primary Ship-To,Nikhil Malhotra,040-4108077,"Plot 17, Logistics Park","Sector 6, Hyderabad Business District",Hyderabad,Telangana,500110,India,True,active,2026-01-01 00:00:00,system,2026-01-01 00:00:00,system
145,78,CUST0078-SHIP-01,Harborcrest Process Industries Primary Ship-To,Arjun Malhotra,0512-4108078,"Plot 18, Commercial Zone","Sector 7, Noida Business District",Noida,Uttar Pradesh,201100,India,True,active,2026-01-01 00:00:00,system,2026-01-01 00:00:00,system
146,78,CUST0078-SHIP-02,Harborcrest Process Industries Distribution Hub 2,Arjun Malhotra,0512-4108078,"Plot 96, Distribution Hub","Sector 9, Noida Logistics District",Noida,Uttar Pradesh,201292,India,False,active,2026-01-01 00:00:00,system,2026-01-01 00:00:00,system
147,78,CUST0078-SHIP-03,Harborcrest Process Industries Service Centre 3,Arjun Malhotra,0512-4108078,"Plot 97, Service Centre","Sector 10, Lucknow Logistics District",Lucknow,Uttar Pradesh,226299,India,False,active,2026-01-01 00:00:00,system,2026-01-01 00:00:00,system
148,78,CUST0078-SHIP-04,Harborcrest Process Industries Industrial Depot 4,Arjun Malhotra,0512-4108078,"Plot 98, Industrial Depot","Sector 11, Kanpur Logistics District",Kanpur,Uttar Pradesh,208306,India,False,active,2026-01-01 00:00:00,system,2026-01-01 00:00:00,system
149,78,CUST0078-SHIP-05,Harborcrest Process Industries Business Park 5,Arjun Malhotra,0512-4108078,"Plot 99, Business Park","Sector 12, Noida Logistics District",Noida,Uttar Pradesh,201313,India,False,active,2026-01-01 00:00:00,system,2026-01-01 00:00:00,system
150,79,CUST0079-SHIP-01,Redbridge Fleet Systems Primary Ship-To,Vikram Malhotra,080-4108079,"Plot 19, Business Park","Sector 8, Mysuru Business District",Mysuru,Karnataka,570117,India,True,active,2026-01-01 00:00:00,system,2026-01-01 00:00:00,system
151,79,CUST0079-SHIP-02,Redbridge Fleet Systems Distribution Hub 2,Vikram Malhotra,080-4108079,"Plot 99, Distribution Hub","Sector 10, Hubballi Logistics District",Hubballi,Karnataka,580293,India,False,active,2026-01-01 00:00:00,system,2026-01-01 00:00:00,system
152,79,CUST0079-SHIP-03,Redbridge Fleet Systems Service Centre 3,Vikram Malhotra,080-4108079,"Plot 20, Service Centre","Sector 11, Mysuru Logistics District",Mysuru,Karnataka,570300,India,False,active,2026-01-01 00:00:00,system,2026-01-01 00:00:00,system
153,80,CUST0080-SHIP-01,Clearfield Process Industries Primary Ship-To,Siddharth Malhotra,0836-4108080,"Plot 20, Industrial Area",,Mysuru,Karnataka,570123,India,True,active,2026-01-01 00:00:00,system,2026-01-01 00:00:00,system
154,81,CUST0081-SHIP-01,Westcrest Fleet Systems Primary Ship-To,Aditya Malhotra,011-4108081,"Plot 21, Industrial Estate","Sector 10, New Delhi Business District",New Delhi,Delhi,110105,India,True,active,2026-01-01 00:00:00,system,2026-01-01 00:00:00,system
155,81,CUST0081-SHIP-02,Westcrest Fleet Systems Distribution Hub 2,Aditya Malhotra,011-4108081,"Plot 25, Distribution Hub","Sector 12, New Delhi Logistics District",New Delhi,Delhi,110295,India,False,active,2026-01-01 00:00:00,system,2026-01-01 00:00:00,system
156,82,CUST0082-SHIP-01,Summitfield Auto & Machinery Primary Ship-To,Rahul Malhotra,022-4108082,"Plot 22, Logistics Park","Sector 11, Pune Business District",Pune,Maharashtra,411100,India,True,active,2026-01-01 00:00:00,system,2026-01-01 00:00:00,system
157,83,CUST0083-SHIP-01,Oakbridge Auto & Machinery Primary Ship-To,Neeraj Malhotra,0253-4108083,"Plot 23, Commercial Zone","Sector 12, Nagpur Business District",Nagpur,Maharashtra,440138,India,True,active,2026-01-01 00:00:00,system,2026-01-01 00:00:00,system
158,84,CUST0084-SHIP-01,Ridgecrest Auto & Machinery Primary Ship-To,Amit Malhotra,0281-4108084,"Plot 24, Business Park",,Vadodara,Gujarat,390117,India,True,active,2026-01-01 00:00:00,system,2026-01-01 00:00:00,system
159,84,CUST0084-SHIP-02,Ridgecrest Auto & Machinery Distribution Hub 2,Amit Malhotra,0281-4108084,"Plot 34, Distribution Hub","Sector 3, Ahmedabad Logistics District",Ahmedabad,Gujarat,380298,India,False,active,2026-01-01 00:00:00,system,2026-01-01 00:00:00,system
160,85,CUST0085-SHIP-01,Everfield Industrial Distribution Primary Ship-To,Aarav Nair,080-4108085,"Plot 25, Industrial Area","Sector 2, Hubballi Business District",Hubballi,Karnataka,580113,India,True,active,2026-01-01 00:00:00,system,2026-01-01 00:00:00,system
161,86,CUST0086-SHIP-01,Northcrest Industrial Distribution Primary Ship-To,Ishaan Nair,0265-4108086,"Plot 26, Industrial Estate","Sector 3, Vadodara Business District",Vadodara,Gujarat,390109,India,True,active,2026-01-01 00:00:00,system,2026-01-01 00:00:00,system
162,87,CUST0087-SHIP-01,Brightbridge Fleet Systems Primary Ship-To,Rohan Nair,0731-4108087,"Plot 27, Logistics Park","Sector 4, Indore Business District",Indore,Madhya Pradesh,452106,India,True,active,2026-01-01 00:00:00,system,2026-01-01 00:00:00,system
163,87,CUST0087-SHIP-02,Brightbridge Fleet Systems Distribution Hub 2,Rohan Nair,0731-4108087,"Plot 43, Distribution Hub","Sector 6, Bhopal Logistics District",Bhopal,Madhya Pradesh,462301,India,False,active,2026-01-01 00:00:00,system,2026-01-01 00:00:00,system
164,87,CUST0087-SHIP-03,Brightbridge Fleet Systems Service Centre 3,Rohan Nair,0731-4108087,"Plot 44, Service Centre","Sector 7, Indore Logistics District",Indore,Madhya Pradesh,452308,India,False,active,2026-01-01 00:00:00,system,2026-01-01 00:00:00,system
165,88,CUST0088-SHIP-01,Lakecrest Process Industries Primary Ship-To,Kunal Nair,0281-4108088,"Plot 28, Commercial Zone",,Surat,Gujarat,395102,India,True,active,2026-01-01 00:00:00,system,2026-01-01 00:00:00,system
166,89,CUST0089-SHIP-01,Hillbridge Fleet Systems Primary Ship-To,Nikhil Nair,0836-4108089,"Plot 29, Business Park","Sector 6, Hubballi Business District",Hubballi,Karnataka,580107,India,True,active,2026-01-01 00:00:00,system,2026-01-01 00:00:00,system
167,90,CUST0090-SHIP-01,Greenfield Industrial Distribution Primary Ship-To,Arjun Nair,0265-4108090,"Plot 30, Industrial Area","Sector 7, Surat Business District",Surat,Gujarat,395110,India,True,active,2026-01-01 00:00:00,system,2026-01-01 00:00:00,system
168,90,CUST0090-SHIP-02,Greenfield Industrial Distribution Distribution Hub 2,Arjun Nair,0265-4108090,"Plot 52, Distribution Hub","Sector 9, Surat Logistics District",Surat,Gujarat,395304,India,False,active,2026-01-01 00:00:00,system,2026-01-01 00:00:00,system
169,90,CUST0090-SHIP-03,Greenfield Industrial Distribution Service Centre 3,Arjun Nair,0265-4108090,"Plot 53, Service Centre","Sector 10, Rajkot Logistics District",Rajkot,Gujarat,360311,India,False,active,2026-01-01 00:00:00,system,2026-01-01 00:00:00,system
170,91,CUST0091-SHIP-01,Parkbridge Industrial Distribution Primary Ship-To,Vikram Nair,040-4108091,"Plot 31, Industrial Estate","Sector 8, Hyderabad Business District",Hyderabad,Telangana,500114,India,True,active,2026-01-01 00:00:00,system,2026-01-01 00:00:00,system
171,91,CUST0091-SHIP-02,Parkbridge Industrial Distribution Distribution Hub 2,Vikram Nair,040-4108091,"Plot 55, Distribution Hub","Sector 10, Warangal Logistics District",Warangal,Telangana,506305,India,False,active,2026-01-01 00:00:00,system,2026-01-01 00:00:00,system
172,91,CUST0091-SHIP-03,Parkbridge Industrial Distribution Service Centre 3,Vikram Nair,040-4108091,"Plot 56, Service Centre","Sector 11, Hyderabad Logistics District",Hyderabad,Telangana,500312,India,False,active,2026-01-01 00:00:00,system,2026-01-01 00:00:00,system
173,92,CUST0092-SHIP-01,Metrofield Process Industries Primary Ship-To,Siddharth Nair,0712-4108092,"Plot 32, Logistics Park",,Nashik,Maharashtra,422137,India,True,active,2026-01-01 00:00:00,system,2026-01-01 00:00:00,system
174,92,CUST0092-SHIP-02,Metrofield Process Industries Distribution Hub 2,Siddharth Nair,0712-4108092,"Plot 58, Distribution Hub","Sector 11, Nashik Logistics District",Nashik,Maharashtra,422306,India,False,active,2026-01-01 00:00:00,system,2026-01-01 00:00:00,system
175,93,CUST0093-SHIP-01,Asterline Auto Distribution Primary Ship-To,Aditya Nair,011-4108093,"Plot 33, Commercial Zone","Sector 10, New Delhi Business District",New Delhi,Delhi,110101,India,True,active,2026-01-01 00:00:00,system,2026-01-01 00:00:00,system
176,93,CUST0093-SHIP-02,Asterline Auto Distribution Distribution Hub 2,Aditya Nair,011-4108093,"Plot 61, Distribution Hub","Sector 12, New Delhi Logistics District",New Delhi,Delhi,110307,India,False,active,2026-01-01 00:00:00,system,2026-01-01 00:00:00,system
177,93,CUST0093-SHIP-03,Asterline Auto Distribution Service Centre 3,Aditya Nair,011-4108093,"Plot 62, Service Centre","Sector 1, New Delhi Logistics District",New Delhi,Delhi,110314,India,False,active,2026-01-01 00:00:00,system,2026-01-01 00:00:00,system
178,93,CUST0093-SHIP-04,Asterline Auto Distribution Industrial Depot 4,Aditya Nair,011-4108093,"Plot 63, Industrial Depot","Sector 2, New Delhi Logistics District",New Delhi,Delhi,110321,India,False,active,2026-01-01 00:00:00,system,2026-01-01 00:00:00,system
179,94,CUST0094-SHIP-01,Westbridge Engineering Works Primary Ship-To,Rahul Nair,0870-4108094,"Plot 34, Business Park","Sector 11, Warangal Business District",Warangal,Telangana,506111,India,True,active,2026-01-01 00:00:00,system,2026-01-01 00:00:00,system
180,94,CUST0094-SHIP-02,Westbridge Engineering Works Distribution Hub 2,Rahul Nair,0870-4108094,"Plot 64, Distribution Hub","Sector 1, Hyderabad Logistics District",Hyderabad,Telangana,500308,India,False,active,2026-01-01 00:00:00,system,2026-01-01 00:00:00,system
181,94,CUST0094-SHIP-03,Westbridge Engineering Works Service Centre 3,Rahul Nair,0870-4108094,"Plot 65, Service Centre","Sector 2, Warangal Logistics District",Warangal,Telangana,506315,India,False,active,2026-01-01 00:00:00,system,2026-01-01 00:00:00,system
182,94,CUST0094-SHIP-04,Westbridge Engineering Works Industrial Depot 4,Rahul Nair,0870-4108094,"Plot 66, Industrial Depot","Sector 3, Hyderabad Logistics District",Hyderabad,Telangana,500322,India,False,active,2026-01-01 00:00:00,system,2026-01-01 00:00:00,system
183,95,CUST0095-SHIP-01,Crestmark Auto Distribution Primary Ship-To,Neeraj Nair,0836-4108095,"Plot 35, Industrial Area","Sector 12, Bengaluru Business District",Bengaluru,Karnataka,560109,India,True,active,2026-01-01 00:00:00,system,2026-01-01 00:00:00,system
184,96,CUST0096-SHIP-01,Pioneer Auto Distribution Primary Ship-To,Amit Nair,0821-4108096,"Plot 36, Industrial Estate",,Mysuru,Karnataka,570102,India,True,active,2026-01-01 00:00:00,system,2026-01-01 00:00:00,system
185,97,CUST0097-SHIP-01,Riverton Engineering Works Primary Ship-To,Aarav Rao,0731-4108097,"Plot 37, Logistics Park","Sector 2, Bhopal Business District",Bhopal,Madhya Pradesh,462111,India,True,active,2026-01-01 00:00:00,system,2026-01-01 00:00:00,system
186,97,CUST0097-SHIP-02,Riverton Engineering Works Distribution Hub 2,Aarav Rao,0731-4108097,"Plot 73, Distribution Hub","Sector 4, Bhopal Logistics District",Bhopal,Madhya Pradesh,462311,India,False,active,2026-01-01 00:00:00,system,2026-01-01 00:00:00,system
187,97,CUST0097-SHIP-03,Riverton Engineering Works Service Centre 3,Aarav Rao,0731-4108097,"Plot 74, Service Centre","Sector 5, Indore Logistics District",Indore,Madhya Pradesh,452318,India,False,active,2026-01-01 00:00:00,system,2026-01-01 00:00:00,system
188,97,CUST0097-SHIP-04,Riverton Engineering Works Industrial Depot 4,Aarav Rao,0731-4108097,"Plot 75, Industrial Depot","Sector 6, Bhopal Logistics District",Bhopal,Madhya Pradesh,462325,India,False,active,2026-01-01 00:00:00,system,2026-01-01 00:00:00,system
189,98,CUST0098-SHIP-01,Northfield Equipment Manufacturing Primary Ship-To,Ishaan Rao,022-4108098,"Plot 38, Commercial Zone","Sector 3, Nagpur Business District",Nagpur,Maharashtra,440128,India,True,active,2026-01-01 00:00:00,system,2026-01-01 00:00:00,system
190,99,CUST0099-SHIP-01,Silveroak Auto Distribution Primary Ship-To,Rohan Rao,0731-4108099,"Plot 39, Business Park","Sector 4, Indore Business District",Indore,Madhya Pradesh,452114,India,True,active,2026-01-01 00:00:00,system,2026-01-01 00:00:00,system
191,99,CUST0099-SHIP-02,Silveroak Auto Distribution Distribution Hub 2,Rohan Rao,0731-4108099,"Plot 79, Distribution Hub","Sector 6, Bhopal Logistics District",Bhopal,Madhya Pradesh,462313,India,False,active,2026-01-01 00:00:00,system,2026-01-01 00:00:00,system
192,100,CUST0100-SHIP-01,Grandwell Equipment Manufacturing Primary Ship-To,Kunal Rao,0712-4108100,"Plot 40, Industrial Area",,Nashik,Maharashtra,422132,India,True,active,2026-01-01 00:00:00,system,2026-01-01 00:00:00,system
193,100,CUST0100-SHIP-02,Grandwell Equipment Manufacturing Distribution Hub 2,Kunal Rao,0712-4108100,"Plot 82, Distribution Hub","Sector 7, Pune Logistics District",Pune,Maharashtra,411314,India,False,active,2026-01-01 00:00:00,system,2026-01-01 00:00:00,system
194,101,CUST0101-SHIP-01,Summit Equipment Traders Primary Ship-To,Nikhil Rao,020-4108101,"Plot 41, Industrial Estate","Sector 6, Nashik Business District",Nashik,Maharashtra,422117,India,True,active,2026-01-01 00:00:00,system,2026-01-01 00:00:00,system
195,101,CUST0101-SHIP-02,Summit Equipment Traders Distribution Hub 2,Nikhil Rao,020-4108101,"Plot 85, Distribution Hub","Sector 8, Navi Mumbai Logistics District",Navi Mumbai,Maharashtra,400315,India,False,active,2026-01-01 00:00:00,system,2026-01-01 00:00:00,system
196,101,CUST0101-SHIP-03,Summit Equipment Traders Service Centre 3,Nikhil Rao,020-4108101,"Plot 86, Service Centre","Sector 9, Nashik Logistics District",Nashik,Maharashtra,422322,India,False,active,2026-01-01 00:00:00,system,2026-01-01 00:00:00,system
197,101,CUST0101-SHIP-04,Summit Equipment Traders Industrial Depot 4,Nikhil Rao,020-4108101,"Plot 87, Industrial Depot","Sector 10, Nagpur Logistics District",Nagpur,Maharashtra,440329,India,False,active,2026-01-01 00:00:00,system,2026-01-01 00:00:00,system
198,101,CUST0101-SHIP-05,Summit Equipment Traders Business Park 5,Nikhil Rao,020-4108101,"Plot 88, Business Park","Sector 11, Chhatrapati Sambhajinagar Logistics District",Chhatrapati Sambhajinagar,Maharashtra,431336,India,False,active,2026-01-01 00:00:00,system,2026-01-01 00:00:00,system
199,102,CUST0102-SHIP-01,Bluecrest Engineering Works Primary Ship-To,Arjun Rao,0512-4108102,"Plot 42, Logistics Park","Sector 7, Kanpur Business District",Kanpur,Uttar Pradesh,208105,India,True,active,2026-01-01 00:00:00,system,2026-01-01 00:00:00,system
200,102,CUST0102-SHIP-02,Bluecrest Engineering Works Distribution Hub 2,Arjun Rao,0512-4108102,"Plot 88, Distribution Hub","Sector 9, Noida Logistics District",Noida,Uttar Pradesh,201316,India,False,active,2026-01-01 00:00:00,system,2026-01-01 00:00:00,system
201,103,CUST0103-SHIP-01,Trident Engineering Works Primary Ship-To,Vikram Rao,0731-4108103,"Plot 43, Commercial Zone","Sector 8, Indore Business District",Indore,Madhya Pradesh,452116,India,True,active,2026-01-01 00:00:00,system,2026-01-01 00:00:00,system
202,103,CUST0103-SHIP-02,Trident Engineering Works Distribution Hub 2,Vikram Rao,0731-4108103,"Plot 91, Distribution Hub","Sector 10, Bhopal Logistics District",Bhopal,Madhya Pradesh,462317,India,False,active,2026-01-01 00:00:00,system,2026-01-01 00:00:00,system
203,103,CUST0103-SHIP-03,Trident Engineering Works Service Centre 3,Vikram Rao,0731-4108103,"Plot 92, Service Centre","Sector 11, Indore Logistics District",Indore,Madhya Pradesh,452324,India,False,active,2026-01-01 00:00:00,system,2026-01-01 00:00:00,system
204,104,CUST0104-SHIP-01,Everstone Equipment Traders Primary Ship-To,Siddharth Rao,0422-4108104,"Plot 44, Business Park",,Coimbatore,Tamil Nadu,641109,India,True,active,2026-01-01 00:00:00,system,2026-01-01 00:00:00,system
205,104,CUST0104-SHIP-02,Everstone Equipment Traders Distribution Hub 2,Siddharth Rao,0422-4108104,"Plot 94, Distribution Hub","Sector 11, Chennai Logistics District",Chennai,Tamil Nadu,600318,India,False,active,2026-01-01 00:00:00,system,2026-01-01 00:00:00,system
206,104,CUST0104-SHIP-03,Everstone Equipment Traders Service Centre 3,Siddharth Rao,0422-4108104,"Plot 95, Service Centre","Sector 12, Coimbatore Logistics District",Coimbatore,Tamil Nadu,641325,India,False,active,2026-01-01 00:00:00,system,2026-01-01 00:00:00,system
207,104,CUST0104-SHIP-04,Everstone Equipment Traders Industrial Depot 4,Siddharth Rao,0422-4108104,"Plot 96, Industrial Depot","Sector 1, Chennai Logistics District",Chennai,Tamil Nadu,600332,India,False,active,2026-01-01 00:00:00,system,2026-01-01 00:00:00,system
208,105,CUST0105-SHIP-01,Harborline Equipment Traders Primary Ship-To,Aditya Rao,011-4108105,"Plot 45, Industrial Area","Sector 10, New Delhi Business District",New Delhi,Delhi,110100,India,True,active,2026-01-01 00:00:00,system,2026-01-01 00:00:00,system
209,105,CUST0105-SHIP-02,Harborline Equipment Traders Distribution Hub 2,Aditya Rao,011-4108105,"Plot 97, Distribution Hub","Sector 12, New Delhi Logistics District",New Delhi,Delhi,110319,India,False,active,2026-01-01 00:00:00,system,2026-01-01 00:00:00,system
210,105,CUST0105-SHIP-03,Harborline Equipment Traders Service Centre 3,Aditya Rao,011-4108105,"Plot 98, Service Centre","Sector 1, New Delhi Logistics District",New Delhi,Delhi,110326,India,False,active,2026-01-01 00:00:00,system,2026-01-01 00:00:00,system
211,106,CUST0106-SHIP-01,Primegate Equipment Traders Primary Ship-To,Rahul Rao,0870-4108106,"Plot 46, Industrial Estate","Sector 11, Hyderabad Business District",Hyderabad,Telangana,500102,India,True,active,2026-01-01 00:00:00,system,2026-01-01 00:00:00,system
212,106,CUST0106-SHIP-02,Primegate Equipment Traders Distribution Hub 2,Rahul Rao,0870-4108106,"Plot 20, Distribution Hub","Sector 1, Hyderabad Logistics District",Hyderabad,Telangana,500320,India,False,active,2026-01-01 00:00:00,system,2026-01-01 00:00:00,system
213,106,CUST0106-SHIP-03,Primegate Equipment Traders Service Centre 3,Rahul Rao,0870-4108106,"Plot 21, Service Centre","Sector 2, Warangal Logistics District",Warangal,Telangana,506327,India,False,active,2026-01-01 00:00:00,system,2026-01-01 00:00:00,system
214,107,CUST0107-SHIP-01,Stonefield Equipment Traders Primary Ship-To,Neeraj Rao,0261-4108107,"Plot 47, Logistics Park","Sector 12, Rajkot Business District",Rajkot,Gujarat,360119,India,True,active,2026-01-01 00:00:00,system,2026-01-01 00:00:00,system
215,107,CUST0107-SHIP-02,Stonefield Equipment Traders Distribution Hub 2,Neeraj Rao,0261-4108107,"Plot 23, Distribution Hub","Sector 2, Rajkot Logistics District",Rajkot,Gujarat,360321,India,False,active,2026-01-01 00:00:00,system,2026-01-01 00:00:00,system
216,107,CUST0107-SHIP-03,Stonefield Equipment Traders Service Centre 3,Neeraj Rao,0261-4108107,"Plot 24, Service Centre","Sector 3, Ahmedabad Logistics District",Ahmedabad,Gujarat,380328,India,False,active,2026-01-01 00:00:00,system,2026-01-01 00:00:00,system
217,108,CUST0108-SHIP-01,Clearpath Equipment Traders Primary Ship-To,Amit Rao,0712-4108108,"Plot 48, Commercial Zone",,Nagpur,Maharashtra,440113,India,True,active,2026-01-01 00:00:00,system,2026-01-01 00:00:00,system
218,108,CUST0108-SHIP-02,Clearpath Equipment Traders Distribution Hub 2,Amit Rao,0712-4108108,"Plot 26, Distribution Hub","Sector 3, Nagpur Logistics District",Nagpur,Maharashtra,440322,India,False,active,2026-01-01 00:00:00,system,2026-01-01 00:00:00,system
219,109,CUST0109-SHIP-01,Vertex Auto Distribution Primary Ship-To,Aarav Kulkarni,0731-4108109,"Plot 49, Business Park","Sector 2, Indore Business District",Indore,Madhya Pradesh,452102,India,True,active,2026-01-01 00:00:00,system,2026-01-01 00:00:00,system
220,110,CUST0110-SHIP-01,Oakridge Auto Distribution Primary Ship-To,Ishaan Kulkarni,0265-4108110,"Plot 50, Industrial Area","Sector 3, Ahmedabad Business District",Ahmedabad,Gujarat,380128,India,True,active,2026-01-01 00:00:00,system,2026-01-01 00:00:00,system
221,110,CUST0110-SHIP-02,Oakridge Auto Distribution Distribution Hub 2,Ishaan Kulkarni,0265-4108110,"Plot 32, Distribution Hub","Sector 5, Surat Logistics District",Surat,Gujarat,395324,India,False,active,2026-01-01 00:00:00,system,2026-01-01 00:00:00,system
222,111,CUST0111-SHIP-01,Redwood Equipment Manufacturing Primary Ship-To,Rohan Kulkarni,0253-4108111,"Plot 51, Industrial Estate","Sector 4, Nagpur Business District",Nagpur,Maharashtra,440118,India,True,active,2026-01-01 00:00:00,system,2026-01-01 00:00:00,system
223,112,CUST0112-SHIP-01,Meadowline Auto Distribution Primary Ship-To,Kunal Kulkarni,0281-4108112,"Plot 52, Logistics Park",,Rajkot,Gujarat,360123,India,True,active,2026-01-01 00:00:00,system,2026-01-01 00:00:00,system
224,112,CUST0112-SHIP-02,Meadowline Auto Distribution Distribution Hub 2,Kunal Kulkarni,0281-4108112,"Plot 38, Distribution Hub","Sector 7, Ahmedabad Logistics District",Ahmedabad,Gujarat,380326,India,False,active,2026-01-01 00:00:00,system,2026-01-01 00:00:00,system
225,112,CUST0112-SHIP-03,Meadowline Auto Distribution Service Centre 3,Kunal Kulkarni,0281-4108112,"Plot 39, Service Centre","Sector 8, Vadodara Logistics District",Vadodara,Gujarat,390333,India,False,active,2026-01-01 00:00:00,system,2026-01-01 00:00:00,system
226,113,CUST0113-SHIP-01,Cedarpoint Equipment Traders Primary Ship-To,Nikhil Kulkarni,0836-4108113,"Plot 53, Commercial Zone","Sector 6, Bengaluru Business District",Bengaluru,Karnataka,560100,India,True,active,2026-01-01 00:00:00,system,2026-01-01 00:00:00,system
227,113,CUST0113-SHIP-02,Cedarpoint Equipment Traders Distribution Hub 2,Nikhil Kulkarni,0836-4108113,"Plot 41, Distribution Hub","Sector 8, Mysuru Logistics District",Mysuru,Karnataka,570327,India,False,active,2026-01-01 00:00:00,system,2026-01-01 00:00:00,system
228,114,CUST0114-SHIP-01,Highland Engineering Works Primary Ship-To,Arjun Kulkarni,0755-4108114,"Plot 54, Business Park","Sector 7, Bhopal Business District",Bhopal,Madhya Pradesh,462107,India,True,active,2026-01-01 00:00:00,system,2026-01-01 00:00:00,system
229,114,CUST0114-SHIP-02,Highland Engineering Works Distribution Hub 2,Arjun Kulkarni,0755-4108114,"Plot 44, Distribution Hub","Sector 9, Indore Logistics District",Indore,Madhya Pradesh,452328,India,False,active,2026-01-01 00:00:00,system,2026-01-01 00:00:00,system
230,114,CUST0114-SHIP-03,Highland Engineering Works Service Centre 3,Arjun Kulkarni,0755-4108114,"Plot 45, Service Centre","Sector 10, Bhopal Logistics District",Bhopal,Madhya Pradesh,462335,India,False,active,2026-01-01 00:00:00,system,2026-01-01 00:00:00,system
231,115,CUST0115-SHIP-01,Brookfield Auto Distribution Primary Ship-To,Vikram Kulkarni,0261-4108115,"Plot 55, Industrial Area","Sector 8, Surat Business District",Surat,Gujarat,395118,India,True,active,2026-01-01 00:00:00,system,2026-01-01 00:00:00,system
232,116,CUST0116-SHIP-01,Eastmark Auto Distribution Primary Ship-To,Siddharth Kulkarni,0281-4108116,"Plot 56, Industrial Estate",,Surat,Gujarat,395126,India,True,active,2026-01-01 00:00:00,system,2026-01-01 00:00:00,system
233,117,CUST0117-SHIP-01,Fairview Equipment Manufacturing Primary Ship-To,Aditya Kulkarni,020-4108117,"Plot 57, Logistics Park","Sector 10, Nagpur Business District",Nagpur,Maharashtra,440133,India,True,active,2026-01-01 00:00:00,system,2026-01-01 00:00:00,system
234,118,CUST0118-SHIP-01,Lakeside Auto Distribution Primary Ship-To,Rahul Kulkarni,022-4108118,"Plot 58, Commercial Zone","Sector 11, Pune Business District",Pune,Maharashtra,411105,India,True,active,2026-01-01 00:00:00,system,2026-01-01 00:00:00,system
235,119,CUST0119-SHIP-01,Greenridge Equipment Manufacturing Primary Ship-To,Neeraj Kulkarni,0261-4108119,"Plot 59, Business Park","Sector 12, Ahmedabad Business District",Ahmedabad,Gujarat,380116,India,True,active,2026-01-01 00:00:00,system,2026-01-01 00:00:00,system
236,120,CUST0120-SHIP-01,Metrocrest Engineering Works Primary Ship-To,Amit Kulkarni,0422-4108120,"Plot 60, Industrial Area",,Chennai,Tamil Nadu,600110,India,True,active,2026-01-01 00:00:00,system,2026-01-01 00:00:00,system
237,120,CUST0120-SHIP-02,Metrocrest Engineering Works Distribution Hub 2,Amit Kulkarni,0422-4108120,"Plot 62, Distribution Hub","Sector 3, Chennai Logistics District",Chennai,Tamil Nadu,600334,India,False,active,2026-01-01 00:00:00,system,2026-01-01 00:00:00,system
238,120,CUST0120-SHIP-03,Metrocrest Engineering Works Service Centre 3,Amit Kulkarni,0422-4108120,"Plot 63, Service Centre","Sector 4, Coimbatore Logistics District",Coimbatore,Tamil Nadu,641341,India,False,active,2026-01-01 00:00:00,system,2026-01-01 00:00:00,system
239,121,CUST0121-SHIP-01,Ironvale Equipment Traders Primary Ship-To,Aarav Bansal,0141-4108121,"Plot 61, Industrial Estate","Sector 2, Jodhpur Business District",Jodhpur,Rajasthan,342101,India,True,active,2026-01-01 00:00:00,system,2026-01-01 00:00:00,system
240,121,CUST0121-SHIP-02,Ironvale Equipment Traders Distribution Hub 2,Aarav Bansal,0141-4108121,"Plot 65, Distribution Hub","Sector 4, Jodhpur Logistics District",Jodhpur,Rajasthan,342335,India,False,active,2026-01-01 00:00:00,system,2026-01-01 00:00:00,system
241,121,CUST0121-SHIP-03,Ironvale Equipment Traders Service Centre 3,Aarav Bansal,0141-4108121,"Plot 66, Service Centre","Sector 5, Jaipur Logistics District",Jaipur,Rajasthan,302342,India,False,active,2026-01-01 00:00:00,system,2026-01-01 00:00:00,system
242,122,CUST0122-SHIP-01,Goldcrest Equipment Traders Primary Ship-To,Ishaan Bansal,0265-4108122,"Plot 62, Logistics Park","Sector 3, Vadodara Business District",Vadodara,Gujarat,390121,India,True,active,2026-01-01 00:00:00,system,2026-01-01 00:00:00,system
243,122,CUST0122-SHIP-02,Goldcrest Equipment Traders Distribution Hub 2,Ishaan Bansal,0265-4108122,"Plot 68, Distribution Hub","Sector 5, Surat Logistics District",Surat,Gujarat,395336,India,False,active,2026-01-01 00:00:00,system,2026-01-01 00:00:00,system
244,122,CUST0122-SHIP-03,Goldcrest Equipment Traders Service Centre 3,Ishaan Bansal,0265-4108122,"Plot 69, Service Centre","Sector 6, Rajkot Logistics District",Rajkot,Gujarat,360343,India,False,active,2026-01-01 00:00:00,system,2026-01-01 00:00:00,system
245,123,CUST0123-SHIP-01,Sunridge Auto Distribution Primary Ship-To,Rohan Bansal,0512-4108123,"Plot 63, Commercial Zone","Sector 4, Kanpur Business District",Kanpur,Uttar Pradesh,208102,India,True,active,2026-01-01 00:00:00,system,2026-01-01 00:00:00,system
246,123,CUST0123-SHIP-02,Sunridge Auto Distribution Distribution Hub 2,Rohan Bansal,0512-4108123,"Plot 71, Distribution Hub","Sector 6, Noida Logistics District",Noida,Uttar Pradesh,201337,India,False,active,2026-01-01 00:00:00,system,2026-01-01 00:00:00,system
247,124,CUST0124-SHIP-01,Brightfield Equipment Manufacturing Primary Ship-To,Kunal Bansal,0281-4108124,"Plot 64, Business Park",,Rajkot,Gujarat,360115,India,True,active,2026-01-01 00:00:00,system,2026-01-01 00:00:00,system
248,125,CUST0125-SHIP-01,Maplebridge Engineering Works Primary Ship-To,Nikhil Bansal,0731-4108125,"Plot 65, Industrial Area","Sector 6, Indore Business District",Indore,Madhya Pradesh,452104,India,True,active,2026-01-01 00:00:00,system,2026-01-01 00:00:00,system
249,125,CUST0125-SHIP-02,Maplebridge Engineering Works Distribution Hub 2,Nikhil Bansal,0731-4108125,"Plot 77, Distribution Hub","Sector 8, Bhopal Logistics District",Bhopal,Madhya Pradesh,462339,India,False,active,2026-01-01 00:00:00,system,2026-01-01 00:00:00,system
250,125,CUST0125-SHIP-03,Maplebridge Engineering Works Service Centre 3,Nikhil Bansal,0731-4108125,"Plot 78, Service Centre","Sector 9, Indore Logistics District",Indore,Madhya Pradesh,452346,India,False,active,2026-01-01 00:00:00,system,2026-01-01 00:00:00,system
251,125,CUST0125-SHIP-04,Maplebridge Engineering Works Industrial Depot 4,Nikhil Bansal,0731-4108125,"Plot 79, Industrial Depot","Sector 10, Bhopal Logistics District",Bhopal,Madhya Pradesh,462353,India,False,active,2026-01-01 00:00:00,system,2026-01-01 00:00:00,system
252,126,CUST0126-SHIP-01,Parkstone Equipment Traders Primary Ship-To,Arjun Bansal,0422-4108126,"Plot 66, Industrial Estate","Sector 7, Coimbatore Business District",Coimbatore,Tamil Nadu,641103,India,True,active,2026-01-01 00:00:00,system,2026-01-01 00:00:00,system
253,126,CUST0126-SHIP-02,Parkstone Equipment Traders Distribution Hub 2,Arjun Bansal,0422-4108126,"Plot 80, Distribution Hub","Sector 9, Chennai Logistics District",Chennai,Tamil Nadu,600340,India,False,active,2026-01-01 00:00:00,system,2026-01-01 00:00:00,system
254,126,CUST0126-SHIP-03,Parkstone Equipment Traders Service Centre 3,Arjun Bansal,0422-4108126,"Plot 81, Service Centre","Sector 10, Coimbatore Logistics District",Coimbatore,Tamil Nadu,641347,India,False,active,2026-01-01 00:00:00,system,2026-01-01 00:00:00,system
255,126,CUST0126-SHIP-04,Parkstone Equipment Traders Industrial Depot 4,Arjun Bansal,0422-4108126,"Plot 82, Industrial Depot","Sector 11, Chennai Logistics District",Chennai,Tamil Nadu,600354,India,False,active,2026-01-01 00:00:00,system,2026-01-01 00:00:00,system
256,126,CUST0126-SHIP-05,Parkstone Equipment Traders Business Park 5,Arjun Bansal,0422-4108126,"Plot 83, Business Park","Sector 12, Coimbatore Logistics District",Coimbatore,Tamil Nadu,641361,India,False,active,2026-01-01 00:00:00,system,2026-01-01 00:00:00,system
257,127,CUST0127-SHIP-01,Riveroak Equipment Traders Primary Ship-To,Vikram Bansal,040-4108127,"Plot 67, Logistics Park","Sector 8, Warangal Business District",Warangal,Telangana,506113,India,True,active,2026-01-01 00:00:00,system,2026-01-01 00:00:00,system
258,127,CUST0127-SHIP-02,Riveroak Equipment Traders Distribution Hub 2,Vikram Bansal,040-4108127,"Plot 83, Distribution Hub","Sector 10, Warangal Logistics District",Warangal,Telangana,506341,India,False,active,2026-01-01 00:00:00,system,2026-01-01 00:00:00,system
259,127,CUST0127-SHIP-03,Riveroak Equipment Traders Service Centre 3,Vikram Bansal,040-4108127,"Plot 84, Service Centre","Sector 11, Hyderabad Logistics District",Hyderabad,Telangana,500348,India,False,active,2026-01-01 00:00:00,system,2026-01-01 00:00:00,system
260,128,CUST0128-SHIP-01,Crownfield Equipment Traders Primary Ship-To,Siddharth Bansal,0291-4108128,"Plot 68, Commercial Zone",,Jodhpur,Rajasthan,342113,India,True,active,2026-01-01 00:00:00,system,2026-01-01 00:00:00,system
261,128,CUST0128-SHIP-02,Crownfield Equipment Traders Distribution Hub 2,Siddharth Bansal,0291-4108128,"Plot 86, Distribution Hub","Sector 11, Jaipur Logistics District",Jaipur,Rajasthan,302342,India,False,active,2026-01-01 00:00:00,system,2026-01-01 00:00:00,system
262,128,CUST0128-SHIP-03,Crownfield Equipment Traders Service Centre 3,Siddharth Bansal,0291-4108128,"Plot 87, Service Centre","Sector 12, Jodhpur Logistics District",Jodhpur,Rajasthan,342349,India,False,active,2026-01-01 00:00:00,system,2026-01-01 00:00:00,system
263,128,CUST0128-SHIP-04,Crownfield Equipment Traders Industrial Depot 4,Siddharth Bansal,0291-4108128,"Plot 88, Industrial Depot","Sector 1, Jaipur Logistics District",Jaipur,Rajasthan,302356,India,False,active,2026-01-01 00:00:00,system,2026-01-01 00:00:00,system
264,129,CUST0129-SHIP-01,Falconridge Equipment Traders Primary Ship-To,Aditya Bansal,020-4108129,"Plot 69, Business Park","Sector 10, Nagpur Business District",Nagpur,Maharashtra,440103,India,True,active,2026-01-01 00:00:00,system,2026-01-01 00:00:00,system
265,130,CUST0130-SHIP-01,Horizon Equipment Manufacturing Primary Ship-To,Rahul Bansal,0870-4108130,"Plot 70, Industrial Area","Sector 11, Warangal Business District",Warangal,Telangana,506109,India,True,active,2026-01-01 00:00:00,system,2026-01-01 00:00:00,system
266,130,CUST0130-SHIP-02,Horizon Equipment Manufacturing Distribution Hub 2,Rahul Bansal,0870-4108130,"Plot 92, Distribution Hub","Sector 1, Hyderabad Logistics District",Hyderabad,Telangana,500344,India,False,active,2026-01-01 00:00:00,system,2026-01-01 00:00:00,system
267,130,CUST0130-SHIP-03,Horizon Equipment Manufacturing Service Centre 3,Rahul Bansal,0870-4108130,"Plot 93, Service Centre","Sector 2, Warangal Logistics District",Warangal,Telangana,506351,India,False,active,2026-01-01 00:00:00,system,2026-01-01 00:00:00,system
268,131,CUST0131-SHIP-01,Meridian Auto Distribution Primary Ship-To,Neeraj Bansal,0253-4108131,"Plot 71, Industrial Estate","Sector 12, Nashik Business District",Nashik,Maharashtra,422122,India,True,active,2026-01-01 00:00:00,system,2026-01-01 00:00:00,system
269,132,CUST0132-SHIP-01,Granite Auto Distribution Primary Ship-To,Amit Bansal,0821-4108132,"Plot 72, Logistics Park",,Hubballi,Karnataka,580119,India,True,active,2026-01-01 00:00:00,system,2026-01-01 00:00:00,system
270,132,CUST0132-SHIP-02,Granite Auto Distribution Distribution Hub 2,Amit Bansal,0821-4108132,"Plot 98, Distribution Hub","Sector 3, Bengaluru Logistics District",Bengaluru,Karnataka,560346,India,False,active,2026-01-01 00:00:00,system,2026-01-01 00:00:00,system
271,132,CUST0132-SHIP-03,Granite Auto Distribution Service Centre 3,Amit Bansal,0821-4108132,"Plot 99, Service Centre","Sector 4, Hubballi Logistics District",Hubballi,Karnataka,580353,India,False,active,2026-01-01 00:00:00,system,2026-01-01 00:00:00,system
272,133,CUST0133-SHIP-01,Oakfield Auto Distribution Primary Ship-To,Aarav Menon,020-4108133,"Plot 73, Commercial Zone","Sector 2, Navi Mumbai Business District",Navi Mumbai,Maharashtra,400111,India,True,active,2026-01-01 00:00:00,system,2026-01-01 00:00:00,system
273,134,CUST0134-SHIP-01,Westgate Engineering Works Primary Ship-To,Ishaan Menon,0755-4108134,"Plot 74, Business Park","Sector 3, Bhopal Business District",Bhopal,Madhya Pradesh,462113,India,True,active,2026-01-01 00:00:00,system,2026-01-01 00:00:00,system
274,135,CUST0135-SHIP-01,Blueharbor Engineering Works Primary Ship-To,Rohan Menon,0261-4108135,"Plot 75, Industrial Area","Sector 4, Surat Business District",Surat,Gujarat,395106,India,True,active,2026-01-01 00:00:00,system,2026-01-01 00:00:00,system
275,136,CUST0136-SHIP-01,Crestwood Auto Distribution Primary Ship-To,Kunal Menon,080-4108136,"Plot 76, Industrial Estate",,Mysuru,Karnataka,570114,India,True,active,2026-01-01 00:00:00,system,2026-01-01 00:00:00,system
276,136,CUST0136-SHIP-02,Crestwood Auto Distribution Distribution Hub 2,Kunal Menon,080-4108136,"Plot 30, Distribution Hub","Sector 7, Hubballi Logistics District",Hubballi,Karnataka,580350,India,False,active,2026-01-01 00:00:00,system,2026-01-01 00:00:00,system
277,137,CUST0137-SHIP-01,Northstar Auto Distribution Primary Ship-To,Nikhil Menon,079-4108137,"Plot 77, Logistics Park","Sector 6, Surat Business District",Surat,Gujarat,395122,India,True,active,2026-01-01 00:00:00,system,2026-01-01 00:00:00,system
278,137,CUST0137-SHIP-02,Northstar Auto Distribution Distribution Hub 2,Nikhil Menon,079-4108137,"Plot 33, Distribution Hub","Sector 8, Vadodara Logistics District",Vadodara,Gujarat,390351,India,False,active,2026-01-01 00:00:00,system,2026-01-01 00:00:00,system
279,137,CUST0137-SHIP-03,Northstar Auto Distribution Service Centre 3,Nikhil Menon,079-4108137,"Plot 34, Service Centre","Sector 9, Surat Logistics District",Surat,Gujarat,395358,India,False,active,2026-01-01 00:00:00,system,2026-01-01 00:00:00,system
280,138,CUST0138-SHIP-01,Aspenridge Engineering Works Primary Ship-To,Arjun Menon,0821-4108138,"Plot 78, Commercial Zone","Sector 7, Mysuru Business District",Mysuru,Karnataka,570108,India,True,active,2026-01-01 00:00:00,system,2026-01-01 00:00:00,system
281,138,CUST0138-SHIP-02,Aspenridge Engineering Works Distribution Hub 2,Arjun Menon,0821-4108138,"Plot 36, Distribution Hub","Sector 9, Bengaluru Logistics District",Bengaluru,Karnataka,560352,India,False,active,2026-01-01 00:00:00,system,2026-01-01 00:00:00,system
282,139,CUST0139-SHIP-01,Silverline Equipment Traders Primary Ship-To,Vikram Menon,0253-4108139,"Plot 79, Business Park","Sector 8, Nagpur Business District",Nagpur,Maharashtra,440123,India,True,active,2026-01-01 00:00:00,system,2026-01-01 00:00:00,system
283,139,CUST0139-SHIP-02,Silverline Equipment Traders Distribution Hub 2,Vikram Menon,0253-4108139,"Plot 39, Distribution Hub","Sector 10, Chhatrapati Sambhajinagar Logistics District",Chhatrapati Sambhajinagar,Maharashtra,431353,India,False,active,2026-01-01 00:00:00,system,2026-01-01 00:00:00,system
284,139,CUST0139-SHIP-03,Silverline Equipment Traders Service Centre 3,Vikram Menon,0253-4108139,"Plot 40, Service Centre","Sector 11, Pune Logistics District",Pune,Maharashtra,411360,India,False,active,2026-01-01 00:00:00,system,2026-01-01 00:00:00,system
285,139,CUST0139-SHIP-04,Silverline Equipment Traders Industrial Depot 4,Vikram Menon,0253-4108139,"Plot 41, Industrial Depot","Sector 12, Navi Mumbai Logistics District",Navi Mumbai,Maharashtra,400367,India,False,active,2026-01-01 00:00:00,system,2026-01-01 00:00:00,system
286,139,CUST0139-SHIP-05,Silverline Equipment Traders Business Park 5,Vikram Menon,0253-4108139,"Plot 42, Business Park","Sector 1, Nashik Logistics District",Nashik,Maharashtra,422374,India,False,active,2026-01-01 00:00:00,system,2026-01-01 00:00:00,system
287,140,CUST0140-SHIP-01,Summitgate Equipment Traders Primary Ship-To,Siddharth Menon,0870-4108140,"Plot 10, Industrial Area",,Hyderabad,Telangana,500108,India,True,active,2026-01-01 00:00:00,system,2026-01-01 00:00:00,system
288,141,CUST0141-SHIP-01,Pinecrest Auto Distribution Primary Ship-To,Aditya Menon,0821-4108141,"Plot 11, Industrial Estate","Sector 10, Mysuru Business District",Mysuru,Karnataka,570120,India,True,active,2026-01-01 00:00:00,system,2026-01-01 00:00:00,system
289,141,CUST0141-SHIP-02,Pinecrest Auto Distribution Distribution Hub 2,Aditya Menon,0821-4108141,"Plot 45, Distribution Hub","Sector 12, Bengaluru Logistics District",Bengaluru,Karnataka,560355,India,False,active,2026-01-01 00:00:00,system,2026-01-01 00:00:00,system
290,141,CUST0141-SHIP-03,Pinecrest Auto Distribution Service Centre 3,Aditya Menon,0821-4108141,"Plot 46, Service Centre","Sector 1, Hubballi Logistics District",Hubballi,Karnataka,580362,India,False,active,2026-01-01 00:00:00,system,2026-01-01 00:00:00,system
291,142,CUST0142-SHIP-01,Clearbrook Auto Distribution Primary Ship-To,Rahul Menon,0120-4108142,"Plot 12, Logistics Park","Sector 11, Noida Business District",Noida,Uttar Pradesh,201103,India,True,active,2026-01-01 00:00:00,system,2026-01-01 00:00:00,system
292,142,CUST0142-SHIP-02,Clearbrook Auto Distribution Distribution Hub 2,Rahul Menon,0120-4108142,"Plot 48, Distribution Hub","Sector 1, Lucknow Logistics District",Lucknow,Uttar Pradesh,226356,India,False,active,2026-01-01 00:00:00,system,2026-01-01 00:00:00,system
293,142,CUST0142-SHIP-03,Clearbrook Auto Distribution Service Centre 3,Rahul Menon,0120-4108142,"Plot 49, Service Centre","Sector 2, Kanpur Logistics District",Kanpur,Uttar Pradesh,208363,India,False,active,2026-01-01 00:00:00,system,2026-01-01 00:00:00,system
294,143,CUST0143-SHIP-01,Evergreen Equipment Manufacturing Primary Ship-To,Neeraj Menon,0261-4108143,"Plot 13, Commercial Zone","Sector 12, Ahmedabad Business District",Ahmedabad,Gujarat,380100,India,True,active,2026-01-01 00:00:00,system,2026-01-01 00:00:00,system
295,144,CUST0144-SHIP-01,Hillmark Equipment Manufacturing Primary Ship-To,Amit Menon,0712-4108144,"Plot 14, Business Park",,Chhatrapati Sambhajinagar,Maharashtra,431119,India,True,active,2026-01-01 00:00:00,system,2026-01-01 00:00:00,system
296,145,CUST0145-SHIP-01,Stonegate Engineering Works Primary Ship-To,Aarav Mehta,0731-4108145,"Plot 15, Industrial Area","Sector 2, Indore Business District",Indore,Madhya Pradesh,452110,India,True,active,2026-01-01 00:00:00,system,2026-01-01 00:00:00,system
297,146,CUST0146-SHIP-01,Ridgefield Equipment Manufacturing Primary Ship-To,Ishaan Mehta,0836-4108146,"Plot 16, Industrial Estate","Sector 3, Bengaluru Business District",Bengaluru,Karnataka,560118,India,True,active,2026-01-01 00:00:00,system,2026-01-01 00:00:00,system
298,146,CUST0146-SHIP-02,Ridgefield Equipment Manufacturing Distribution Hub 2,Ishaan Mehta,0836-4108146,"Plot 60, Distribution Hub","Sector 5, Mysuru Logistics District",Mysuru,Karnataka,570360,India,False,active,2026-01-01 00:00:00,system,2026-01-01 00:00:00,system
299,146,CUST0146-SHIP-03,Ridgefield Equipment Manufacturing Service Centre 3,Ishaan Mehta,0836-4108146,"Plot 61, Service Centre","Sector 6, Bengaluru Logistics District",Bengaluru,Karnataka,560367,India,False,active,2026-01-01 00:00:00,system,2026-01-01 00:00:00,system
300,146,CUST0146-SHIP-04,Ridgefield Equipment Manufacturing Industrial Depot 4,Ishaan Mehta,0836-4108146,"Plot 62, Industrial Depot","Sector 7, Hubballi Logistics District",Hubballi,Karnataka,580374,India,False,active,2026-01-01 00:00:00,system,2026-01-01 00:00:00,system
301,147,CUST0147-SHIP-01,Brightstone Equipment Traders Primary Ship-To,Rohan Mehta,0731-4108147,"Plot 17, Logistics Park","Sector 4, Bhopal Business District",Bhopal,Madhya Pradesh,462101,India,True,active,2026-01-01 00:00:00,system,2026-01-01 00:00:00,system
302,147,CUST0147-SHIP-02,Brightstone Equipment Traders Distribution Hub 2,Rohan Mehta,0731-4108147,"Plot 63, Distribution Hub","Sector 6, Bhopal Logistics District",Bhopal,Madhya Pradesh,462361,India,False,active,2026-01-01 00:00:00,system,2026-01-01 00:00:00,system
303,147,CUST0147-SHIP-03,Brightstone Equipment Traders Service Centre 3,Rohan Mehta,0731-4108147,"Plot 64, Service Centre","Sector 7, Indore Logistics District",Indore,Madhya Pradesh,452368,India,False,active,2026-01-01 00:00:00,system,2026-01-01 00:00:00,system
304,147,CUST0147-SHIP-04,Brightstone Equipment Traders Industrial Depot 4,Rohan Mehta,0731-4108147,"Plot 65, Industrial Depot","Sector 8, Bhopal Logistics District",Bhopal,Madhya Pradesh,462375,India,False,active,2026-01-01 00:00:00,system,2026-01-01 00:00:00,system
305,148,CUST0148-SHIP-01,Grandridge Engineering Works Primary Ship-To,Kunal Mehta,0281-4108148,"Plot 18, Commercial Zone",,Ahmedabad,Gujarat,380124,India,True,active,2026-01-01 00:00:00,system,2026-01-01 00:00:00,system
306,149,CUST0149-SHIP-01,Linden Auto Distribution Primary Ship-To,Nikhil Mehta,079-4108149,"Plot 19, Business Park","Sector 6, Ahmedabad Business District",Ahmedabad,Gujarat,380120,India,True,active,2026-01-01 00:00:00,system,2026-01-01 00:00:00,system
307,150,CUST0150-SHIP-01,Redcrest Equipment Traders Primary Ship-To,Arjun Mehta,0870-4108150,"Plot 20, Industrial Area","Sector 7, Warangal Business District",Warangal,Telangana,506103,India,True,active,2026-01-01 00:00:00,system,2026-01-01 00:00:00,system
308,151,CUST0151-SHIP-01,Westfield Equipment Manufacturing Primary Ship-To,Vikram Mehta,0253-4108151,"Plot 21, Industrial Estate","Sector 8, Nagpur Business District",Nagpur,Maharashtra,440108,India,True,active,2026-01-01 00:00:00,system,2026-01-01 00:00:00,system
309,151,CUST0151-SHIP-02,Westfield Equipment Manufacturing Distribution Hub 2,Vikram Mehta,0253-4108151,"Plot 75, Distribution Hub","Sector 10, Navi Mumbai Logistics District",Navi Mumbai,Maharashtra,400365,India,False,active,2026-01-01 00:00:00,system,2026-01-01 00:00:00,system
310,152,CUST0152-SHIP-01,Eastbridge Equipment Traders Primary Ship-To,Siddharth Mehta,0422-4108152,"Plot 22, Logistics Park",,Coimbatore,Tamil Nadu,641111,India,True,active,2026-01-01 00:00:00,system,2026-01-01 00:00:00,system
311,152,CUST0152-SHIP-02,Eastbridge Equipment Traders Distribution Hub 2,Siddharth Mehta,0422-4108152,"Plot 78, Distribution Hub","Sector 11, Chennai Logistics District",Chennai,Tamil Nadu,600366,India,False,active,2026-01-01 00:00:00,system,2026-01-01 00:00:00,system
312,152,CUST0152-SHIP-03,Eastbridge Equipment Traders Service Centre 3,Siddharth Mehta,0422-4108152,"Plot 79, Service Centre","Sector 12, Coimbatore Logistics District",Coimbatore,Tamil Nadu,641373,India,False,active,2026-01-01 00:00:00,system,2026-01-01 00:00:00,system
313,152,CUST0152-SHIP-04,Eastbridge Equipment Traders Industrial Depot 4,Siddharth Mehta,0422-4108152,"Plot 80, Industrial Depot","Sector 1, Chennai Logistics District",Chennai,Tamil Nadu,600380,India,False,active,2026-01-01 00:00:00,system,2026-01-01 00:00:00,system
314,153,CUST0153-SHIP-01,Oakstone Auto Distribution Primary Ship-To,Aditya Mehta,040-4108153,"Plot 23, Commercial Zone","Sector 10, Warangal Business District",Warangal,Telangana,506101,India,True,active,2026-01-01 00:00:00,system,2026-01-01 00:00:00,system
315,153,CUST0153-SHIP-02,Oakstone Auto Distribution Distribution Hub 2,Aditya Mehta,040-4108153,"Plot 81, Distribution Hub","Sector 12, Warangal Logistics District",Warangal,Telangana,506367,India,False,active,2026-01-01 00:00:00,system,2026-01-01 00:00:00,system
316,153,CUST0153-SHIP-03,Oakstone Auto Distribution Service Centre 3,Aditya Mehta,040-4108153,"Plot 82, Service Centre","Sector 1, Hyderabad Logistics District",Hyderabad,Telangana,500374,India,False,active,2026-01-01 00:00:00,system,2026-01-01 00:00:00,system
317,154,CUST0154-SHIP-01,Rivercrest Auto Distribution Primary Ship-To,Rahul Mehta,0265-4108154,"Plot 24, Business Park","Sector 11, Surat Business District",Surat,Gujarat,395114,India,True,active,2026-01-01 00:00:00,system,2026-01-01 00:00:00,system
318,155,CUST0155-SHIP-01,Highpoint Equipment Manufacturing Primary Ship-To,Neeraj Mehta,0141-4108155,"Plot 25, Industrial Area","Sector 12, Jaipur Business District",Jaipur,Rajasthan,302114,India,True,active,2026-01-01 00:00:00,system,2026-01-01 00:00:00,system
319,155,CUST0155-SHIP-02,Highpoint Equipment Manufacturing Distribution Hub 2,Neeraj Mehta,0141-4108155,"Plot 87, Distribution Hub","Sector 2, Jodhpur Logistics District",Jodhpur,Rajasthan,342369,India,False,active,2026-01-01 00:00:00,system,2026-01-01 00:00:00,system
320,155,CUST0155-SHIP-03,Highpoint Equipment Manufacturing Service Centre 3,Neeraj Mehta,0141-4108155,"Plot 88, Service Centre","Sector 3, Jaipur Logistics District",Jaipur,Rajasthan,302376,India,False,active,2026-01-01 00:00:00,system,2026-01-01 00:00:00,system
321,156,CUST0156-SHIP-01,Fairmont Equipment Traders Primary Ship-To,Amit Mehta,0712-4108156,"Plot 26, Industrial Estate",,Chhatrapati Sambhajinagar,Maharashtra,431139,India,True,active,2026-01-01 00:00:00,system,2026-01-01 00:00:00,system
322,157,CUST0157-SHIP-01,Bluefield Engineering Works Primary Ship-To,Aarav Shah,079-4108157,"Plot 27, Logistics Park","Sector 2, Ahmedabad Business District",Ahmedabad,Gujarat,380108,India,True,active,2026-01-01 00:00:00,system,2026-01-01 00:00:00,system
323,157,CUST0157-SHIP-02,Bluefield Engineering Works Distribution Hub 2,Aarav Shah,079-4108157,"Plot 93, Distribution Hub","Sector 4, Vadodara Logistics District",Vadodara,Gujarat,390371,India,False,active,2026-01-01 00:00:00,system,2026-01-01 00:00:00,system
324,157,CUST0157-SHIP-03,Bluefield Engineering Works Service Centre 3,Aarav Shah,079-4108157,"Plot 94, Service Centre","Sector 5, Surat Logistics District",Surat,Gujarat,395378,India,False,active,2026-01-01 00:00:00,system,2026-01-01 00:00:00,system
325,157,CUST0157-SHIP-04,Bluefield Engineering Works Industrial Depot 4,Aarav Shah,079-4108157,"Plot 95, Industrial Depot","Sector 6, Rajkot Logistics District",Rajkot,Gujarat,360385,India,False,active,2026-01-01 00:00:00,system,2026-01-01 00:00:00,system
326,158,CUST0158-SHIP-01,Cedarcrest Auto Distribution Primary Ship-To,Ishaan Shah,0836-4108158,"Plot 28, Commercial Zone","Sector 3, Hubballi Business District",Hubballi,Karnataka,580116,India,True,active,2026-01-01 00:00:00,system,2026-01-01 00:00:00,system
327,159,CUST0159-SHIP-01,Northgate Equipment Manufacturing Primary Ship-To,Rohan Shah,0832-4108159,"Plot 29, Business Park","Sector 4, Margao Business District",Margao,Goa,403101,India,True,active,2026-01-01 00:00:00,system,2026-01-01 00:00:00,system
328,160,CUST0160-SHIP-01,Greenstone Equipment Manufacturing Primary Ship-To,Kunal Shah,0281-4108160,"Plot 30, Industrial Area",,Rajkot,Gujarat,360103,India,True,active,2026-01-01 00:00:00,system,2026-01-01 00:00:00,system
329,161,CUST0161-SHIP-01,Primebridge Auto Distribution Primary Ship-To,Nikhil Shah,0141-4108161,"Plot 31, Industrial Estate","Sector 6, Jodhpur Business District",Jodhpur,Rajasthan,342103,India,True,active,2026-01-01 00:00:00,system,2026-01-01 00:00:00,system
330,162,CUST0162-SHIP-01,Ironridge Auto Distribution Primary Ship-To,Arjun Shah,0265-4108162,"Plot 32, Logistics Park","Sector 7, Rajkot Business District",Rajkot,Gujarat,360107,India,True,active,2026-01-01 00:00:00,system,2026-01-01 00:00:00,system
331,162,CUST0162-SHIP-02,Ironridge Auto Distribution Distribution Hub 2,Arjun Shah,0265-4108162,"Plot 28, Distribution Hub","Sector 9, Surat Logistics District",Surat,Gujarat,395376,India,False,active,2026-01-01 00:00:00,system,2026-01-01 00:00:00,system
332,162,CUST0162-SHIP-03,Ironridge Auto Distribution Service Centre 3,Arjun Shah,0265-4108162,"Plot 29, Service Centre","Sector 10, Rajkot Logistics District",Rajkot,Gujarat,360383,India,False,active,2026-01-01 00:00:00,system,2026-01-01 00:00:00,system
333,162,CUST0162-SHIP-04,Ironridge Auto Distribution Industrial Depot 4,Arjun Shah,0265-4108162,"Plot 30, Industrial Depot","Sector 11, Ahmedabad Logistics District",Ahmedabad,Gujarat,380390,India,False,active,2026-01-01 00:00:00,system,2026-01-01 00:00:00,system
334,163,CUST0163-SHIP-01,Silvercrest Equipment Traders Primary Ship-To,Vikram Shah,040-4108163,"Plot 33, Commercial Zone","Sector 8, Hyderabad Business District",Hyderabad,Telangana,500112,India,True,active,2026-01-01 00:00:00,system,2026-01-01 00:00:00,system
335,164,CUST0164-SHIP-01,Maplefield Equipment Traders Primary Ship-To,Siddharth Shah,0712-4108164,"Plot 34, Business Park",,Chhatrapati Sambhajinagar,Maharashtra,431134,India,True,active,2026-01-01 00:00:00,system,2026-01-01 00:00:00,system
336,165,CUST0165-SHIP-01,Crestline Auto Distribution Primary Ship-To,Aditya Shah,0512-4108165,"Plot 35, Industrial Area","Sector 10, Lucknow Business District",Lucknow,Uttar Pradesh,226104,India,True,active,2026-01-01 00:00:00,system,2026-01-01 00:00:00,system
337,165,CUST0165-SHIP-02,Crestline Auto Distribution Distribution Hub 2,Aditya Shah,0512-4108165,"Plot 37, Distribution Hub","Sector 12, Noida Logistics District",Noida,Uttar Pradesh,201379,India,False,active,2026-01-01 00:00:00,system,2026-01-01 00:00:00,system
338,165,CUST0165-SHIP-03,Crestline Auto Distribution Service Centre 3,Aditya Shah,0512-4108165,"Plot 38, Service Centre","Sector 1, Lucknow Logistics District",Lucknow,Uttar Pradesh,226386,India,False,active,2026-01-01 00:00:00,system,2026-01-01 00:00:00,system
339,166,CUST0166-SHIP-01,Pinebridge Auto Distribution Primary Ship-To,Rahul Shah,0265-4108166,"Plot 36, Industrial Estate","Sector 11, Vadodara Business District",Vadodara,Gujarat,390113,India,True,active,2026-01-01 00:00:00,system,2026-01-01 00:00:00,system
340,166,CUST0166-SHIP-02,Pinebridge Auto Distribution Distribution Hub 2,Rahul Shah,0265-4108166,"Plot 40, Distribution Hub","Sector 1, Surat Logistics District",Surat,Gujarat,395380,India,False,active,2026-01-01 00:00:00,system,2026-01-01 00:00:00,system
341,167,CUST0167-SHIP-01,Meadowcrest Auto Distribution Primary Ship-To,Neeraj Shah,0522-4108167,"Plot 37, Logistics Park","Sector 12, Kanpur Business District",Kanpur,Uttar Pradesh,208108,India,True,active,2026-01-01 00:00:00,system,2026-01-01 00:00:00,system
342,167,CUST0167-SHIP-02,Meadowcrest Auto Distribution Distribution Hub 2,Neeraj Shah,0522-4108167,"Plot 43, Distribution Hub","Sector 2, Kanpur Logistics District",Kanpur,Uttar Pradesh,208381,India,False,active,2026-01-01 00:00:00,system,2026-01-01 00:00:00,system
343,168,CUST0168-SHIP-01,Stonebridge Equipment Traders Primary Ship-To,Amit Shah,0281-4108168,"Plot 38, Commercial Zone",,Ahmedabad,Gujarat,380104,India,True,active,2026-01-01 00:00:00,system,2026-01-01 00:00:00,system
344,168,CUST0168-SHIP-02,Stonebridge Equipment Traders Distribution Hub 2,Amit Shah,0281-4108168,"Plot 46, Distribution Hub","Sector 3, Ahmedabad Logistics District",Ahmedabad,Gujarat,380382,India,False,active,2026-01-01 00:00:00,system,2026-01-01 00:00:00,system
345,168,CUST0168-SHIP-03,Stonebridge Equipment Traders Service Centre 3,Amit Shah,0281-4108168,"Plot 47, Service Centre","Sector 4, Vadodara Logistics District",Vadodara,Gujarat,390389,India,False,active,2026-01-01 00:00:00,system,2026-01-01 00:00:00,system
346,169,CUST0169-SHIP-01,Grandfield Equipment Traders Primary Ship-To,Aarav Kapoor,011-4108169,"Plot 39, Business Park","Sector 2, New Delhi Business District",New Delhi,Delhi,110107,India,True,active,2026-01-01 00:00:00,system,2026-01-01 00:00:00,system
347,170,CUST0170-SHIP-01,Harborcrest Engineering Works Primary Ship-To,Ishaan Kapoor,0836-4108170,"Plot 40, Industrial Area","Sector 3, Bengaluru Business District",Bengaluru,Karnataka,560106,India,True,active,2026-01-01 00:00:00,system,2026-01-01 00:00:00,system
348,170,CUST0170-SHIP-02,Harborcrest Engineering Works Distribution Hub 2,Ishaan Kapoor,0836-4108170,"Plot 52, Distribution Hub","Sector 5, Mysuru Logistics District",Mysuru,Karnataka,570384,India,False,active,2026-01-01 00:00:00,system,2026-01-01 00:00:00,system
349,171,CUST0171-SHIP-01,Redbridge Auto Distribution Primary Ship-To,Rohan Kapoor,0261-4108171,"Plot 41, Industrial Estate","Sector 4, Ahmedabad Business District",Ahmedabad,Gujarat,380112,India,True,active,2026-01-01 00:00:00,system,2026-01-01 00:00:00,system
350,171,CUST0171-SHIP-02,Redbridge Auto Distribution Distribution Hub 2,Rohan Kapoor,0261-4108171,"Plot 55, Distribution Hub","Sector 6, Rajkot Logistics District",Rajkot,Gujarat,360385,India,False,active,2026-01-01 00:00:00,system,2026-01-01 00:00:00,system
351,172,CUST0172-SHIP-01,Clearfield Equipment Traders Primary Ship-To,Kunal Kapoor,011-4108172,"Plot 42, Logistics Park",,New Delhi,Delhi,110103,India,True,active,2026-01-01 00:00:00,system,2026-01-01 00:00:00,system
352,172,CUST0172-SHIP-02,Clearfield Equipment Traders Distribution Hub 2,Kunal Kapoor,011-4108172,"Plot 58, Distribution Hub","Sector 7, New Delhi Logistics District",New Delhi,Delhi,110386,India,False,active,2026-01-01 00:00:00,system,2026-01-01 00:00:00,system
353,173,CUST0173-SHIP-01,Westcrest Engineering Works Primary Ship-To,Nikhil Kapoor,011-4108173,"Plot 43, Commercial Zone","Sector 6, New Delhi Business District",New Delhi,Delhi,110104,India,True,active,2026-01-01 00:00:00,system,2026-01-01 00:00:00,system
354,174,CUST0174-SHIP-01,Summitfield Equipment Manufacturing Primary Ship-To,Arjun Kapoor,0422-4108174,"Plot 44, Business Park","Sector 7, Chennai Business District",Chennai,Tamil Nadu,600106,India,True,active,2026-01-01 00:00:00,system,2026-01-01 00:00:00,system
355,175,CUST0175-SHIP-01,Oakbridge Auto Distribution Primary Ship-To,Vikram Kapoor,0253-4108175,"Plot 45, Industrial Area","Sector 8, Pune Business District",Pune,Maharashtra,411125,India,True,active,2026-01-01 00:00:00,system,2026-01-01 00:00:00,system
356,176,CUST0176-SHIP-01,Ridgecrest Engineering Works Primary Ship-To,Siddharth Kapoor,0755-4108176,"Plot 46, Industrial Estate",,Indore,Madhya Pradesh,452100,India,True,active,2026-01-01 00:00:00,system,2026-01-01 00:00:00,system
357,177,CUST0177-SHIP-01,Everfield Equipment Manufacturing Primary Ship-To,Aditya Kapoor,020-4108177,"Plot 47, Logistics Park","Sector 10, Navi Mumbai Business District",Navi Mumbai,Maharashtra,400116,India,True,active,2026-01-01 00:00:00,system,2026-01-01 00:00:00,system
358,178,CUST0178-SHIP-01,Northcrest Equipment Traders Primary Ship-To,Rahul Kapoor,0291-4108178,"Plot 48, Commercial Zone","Sector 11, Jodhpur Business District",Jodhpur,Rajasthan,342111,India,True,active,2026-01-01 00:00:00,system,2026-01-01 00:00:00,system
359,179,CUST0179-SHIP-01,Brightbridge Engineering Works Primary Ship-To,Neeraj Kapoor,0836-4108179,"Plot 49, Business Park","Sector 12, Mysuru Business District",Mysuru,Karnataka,570105,India,True,active,2026-01-01 00:00:00,system,2026-01-01 00:00:00,system
360,180,CUST0180-SHIP-01,Lakecrest Equipment Traders Primary Ship-To,Amit Kapoor,0291-4108180,"Plot 50, Industrial Area",,Jodhpur,Rajasthan,342109,India,True,active,2026-01-01 00:00:00,system,2026-01-01 00:00:00,system
